name,age,street,city,state,zip,lng,lat
Susan Burns,72,092 Mckenzie Corners,Maysport,Mississippi,84674,-105.664197,-12.584788
Jonathan Obrien,41,73459 Conley Estate Suite 598,Lake Sean,Texas,57309,-20.605746,79.9790615
Daniel Howard,33,85074 James Mountain,Laurenfurt,Illinois,77714,76.868764,78.721298
Kelli Mccarthy,33,0919 Mcintyre Ways,Randyhaven,Minnesota,20868,-25.195507,-20.5663125
Brittney Cain,30,704 Sims Mews,Monicastad,Kentucky,95930,172.019505,-43.369373
Karina Keller,80,538 Rebekah Forks Apt. 381,Johnport,Delaware,07666,-94.523530,-19.1710905
Danielle Simpson,80,631 Collins Ramp,Port Davidtown,Arizona,70260,-87.031903,-78.3210615
Edward Mendoza,50,511 Bennett Coves Apt. 392,Lake Jaimetown,Oklahoma,44785,10.344696,11.673296
Samuel Foster MD,24,97076 Audrey Streets Suite 470,Shannonport,Maryland,33803,125.665114,-57.088138
Michael Harrington,37,602 Torres Tunnel Apt. 459,Oliviamouth,Utah,92685,130.245758,-72.902199
Robert Mckee,18,56457 Kimberly Parks,West April,Kentucky,51929,-56.902491,-6.926035
Dana Richardson,34,1484 Davidson Way,West Richard,South Carolina,87019,-72.808105,-77.0372385
Stephanie Santana,39,622 Carter Mews Apt. 149,Mathisside,Utah,22327,-155.939535,3.711439
Cynthia Becker,58,9659 William Squares,Reedhaven,Oregon,12865,-34.881283,-23.565789
Nathan Richard,34,09957 Yesenia Dale,Port Jamesstad,Rhode Island,69246,-1.054955,-18.992376
Emily Robinson,56,85890 Hudson Manors Apt. 424,North Donald,Florida,30833,152.005136,39.564609
Melissa Avila,39,916 Alexandria Avenue Suite 571,Staceychester,West Virginia,32531,167.714917,3.4784175
Kendra Kelly,62,53481 Albert Keys,East Brandi,Georgia,09383,133.021834,25.7840785
Kayla Glover,66,0239 Lee Camp Suite 708,East Jennifertown,Massachusetts,25990,123.497487,7.0533565
Jasmine Luna,56,313 Lawson Locks,Brownbury,New Mexico,60675,160.468664,74.3989855
Gregory Flynn,24,0927 Gabrielle Track,East Joshuaside,North Dakota,31672,-152.572680,-87.7370865
Anna Trujillo,61,004 Franco Station,Wrightfort,Connecticut,93684,-2.132261,-43.5654145
Steven Booker,44,158 Richard Summit,Christophermouth,Indiana,29129,-83.233344,-1.394529
James Hamilton,33,96548 Mcgee Rest,Wellsshire,Florida,36762,-86.407720,-22.064285
Kimberly Robertson,35,229 Kelly Walks,Willisport,Maryland,24738,-4.108367,20.8936655
Nicholas Gray,56,486 Barber Plain,East Alexisside,Ohio,25242,-55.304702,15.3361145
Nicole Compton,28,544 Russell Pass,New Anthonyshire,Missouri,39749,-124.010330,11.657465
Jessica Johnson,60,84102 Abigail Village,North Christopherburgh,Ohio,68988,-167.939899,77.0239965
Ashley Rodriguez,52,43197 Elizabeth Ridge Suite 918,East Kristaside,New York,37263,-65.880238,83.705698
Angela Mcknight,55,68055 Hanna Lodge Apt. 171,Rhondafurt,Connecticut,83478,-168.014568,-73.811422
Aaron Medina,50,8783 Fleming Stravenue Suite 137,South Cameronfort,West Virginia,24857,-141.776681,-65.1723045
Brett Oliver,46,5057 Kevin Ranch,Alexandrafurt,Alaska,71225,25.013388,30.3545305
April Willis,78,7608 Theresa Streets,Lake Johnshire,North Dakota,63941,-53.037952,49.477300
Sherri Bowers,30,6557 Dustin Forest,West Brentport,Arkansas,37281,40.166038,78.468395
Kaitlin Smith,70,89955 Trevino Pine Suite 044,Port Gwendolynbury,Vermont,55227,99.118431,-36.3612495
Joseph Gray,52,727 Thornton Trace,North Jamesport,North Carolina,20312,124.182703,53.1522815
John Craig,63,119 Mario Green Apt. 178,Jonesside,West Virginia,87670,176.867492,-72.443811
William Morgan,41,145 Castillo Trafficway,Port Edward,Oklahoma,48016,-63.617165,81.842572
David Tapia,48,0743 Lawson Extensions Suite 994,North Gregory,Delaware,48211,21.169574,0.696513
Randall Campbell,68,999 Ellis Pine,Hurleyhaven,Oregon,16430,-30.946371,23.2073595
Adam Hampton,20,868 Gonzalez Points Apt. 472,Savannahchester,Missouri,25871,59.641620,12.8380675
Timothy Owens,58,824 Dennis Square Suite 519,New Ianhaven,Massachusetts,44141,97.070750,34.3203625
Sarah Sullivan,52,140 Parker Spring Suite 953,North Mark,South Dakota,33102,-116.116675,57.632239
Michael Meyers Jr.,79,0671 Finley Spring Apt. 567,Margaretshire,Oregon,29354,-140.578879,57.5137745
Cody Ross,79,42238 Gordon Junction,Campbellside,New York,87891,-74.154847,-35.819356
Drew Rodriguez,62,4124 Shelley Highway,West Donnashire,New York,71913,84.174096,35.7507425
Brian Steele,80,61597 Wendy Prairie,Hoodfurt,Kansas,75720,82.624077,69.8747175
Brittney Palmer,61,861 Jones Park,Arthurmouth,Louisiana,84537,-63.766362,-87.0744865
Bianca Contreras,27,140 Hanna Plains,West Douglas,Kansas,78006,161.788570,74.115178
Mark Rodriguez,73,803 Daniel Overpass Apt. 001,North David,Indiana,42185,-153.740911,-12.565646
Thomas Colon,45,308 Carl Mews Apt. 515,Kevinside,North Carolina,66442,-123.970344,-73.3452965
Thomas Hall,21,04213 Danielle Terrace Apt. 533,East Jeffrey,Tennessee,82605,35.150197,29.177043
Alicia Lynch,68,248 Copeland River Suite 579,Jameston,Alabama,47429,-75.369860,35.2920885
Heather Bryant DVM,59,4675 Hansen Trail,Lake Heidiside,Virginia,51898,-152.360346,-64.361027
Kimberly Howard,77,50552 Orozco Village Apt. 079,Clintonfort,South Carolina,83082,102.092647,16.2294635
Sabrina Patterson,21,562 David Greens Apt. 028,Wuhaven,North Dakota,64362,87.883411,29.7101675
Dr. Thomas Jacobs,74,35487 Moore Shore Apt. 374,East Johnview,Connecticut,34043,-85.485975,-76.725076
Amy Roberts,25,980 Brock Terrace,Coopermouth,Ohio,76072,74.649067,-25.7355715
Joseph Brown,77,939 Johnson Land Apt. 317,Rubiostad,North Dakota,35035,-76.668786,80.0831705
Corey Ward,22,3626 Fred Camp Suite 757,Port Jennifertown,Kentucky,48924,-110.465666,-52.112438
Daniel Bradshaw,32,4324 Stafford Passage,Kathleenfurt,Wisconsin,63447,-115.316032,-3.191529
Carolyn White,52,093 Lopez Lock,Taylorborough,Nevada,99723,158.758324,60.2319775
Laurie Hawkins,66,7777 Pierce Lane,Kellybury,North Carolina,01360,-100.755346,33.071657
Shannon Rodgers,60,4377 Brian Cove Apt. 512,East Kimberlymouth,Pennsylvania,23519,-162.466273,-11.277735
Angela Garcia,27,700 Catherine Plain,Yuborough,Mississippi,14588,-115.067230,-34.3392555
Christopher Arnold,43,85015 John Ferry,North Scott,Louisiana,09234,-151.839450,62.690240
Donald Hall,43,113 Thomas Springs Apt. 563,Jessicastad,Arizona,26830,-61.189061,71.5095975
Robert Odonnell II,35,101 Kathy Skyway Apt. 507,New Jamesmouth,Rhode Island,36441,107.773403,26.970632
Kevin Murphy,61,1246 Donna Turnpike,North Dianahaven,Oklahoma,56206,78.238000,88.964559
Sean Burke,67,389 Jennifer Heights,New Jacobfurt,Tennessee,95789,72.513907,11.8876925
Jesse Davenport,45,7928 Angela Vista,East Cathymouth,Louisiana,11738,-16.131338,3.0034455
Julia Nichols,28,07225 Reyes Lights,Parkerport,Louisiana,35218,120.925638,87.4484595
Kristy Rodriguez,74,560 Henry Lakes,Pamelaborough,Vermont,90920,164.411808,-29.277496
Gerald Norton,31,24620 Flores Streets Suite 553,Tonyaton,Vermont,75293,-148.221448,39.125251
Catherine Acosta,22,490 Cox Creek,Karenview,Indiana,74612,-172.638305,-72.962989
Nicholas Bryant,37,5866 Smith Well,Jessetown,New York,15883,-105.345821,61.3958535
Rebecca Jones,44,41774 Tracy Route,New Sarahport,Massachusetts,13762,136.830308,53.505807
Timothy Cook,67,99867 Robert Vista,New Amymouth,Virginia,26803,63.489421,51.1844035
Rachel Mcdonald,51,971 Timothy Shores,Santoschester,Maryland,15152,26.555762,38.0818105
Erika Herrera,45,44817 Christopher Ridge Suite 173,Lisabury,Wisconsin,58000,-97.863723,-88.1802205
John Reed,62,25471 Alexander Summit,Port David,North Carolina,73325,-177.343612,25.187590
Scott Ponce,30,992 Brandon Locks Suite 670,Lake Jennyberg,South Carolina,58331,98.112202,71.879130
George Tucker,76,4608 Brown Spur,Sweeneychester,Georgia,91560,172.416843,-42.2183205
Bonnie Espinoza,28,5084 Quinn Villages,Tammyland,Pennsylvania,25083,-22.468860,57.775951
Alexis Munoz,53,7949 Smith Center,Johnsonmouth,South Dakota,11536,154.170927,-58.9891975
Samantha Williams,80,453 Norma Ville,Shellytown,Pennsylvania,65006,-93.735419,-74.231651
Jessica Hunt,66,2593 Pearson Stravenue,Howardbury,Missouri,45065,-79.850562,35.6976635
Harold Phillips,49,679 Wolf Wall Suite 244,Gomezview,Texas,17341,-53.916972,-42.242965
Jeremy Moore,57,2365 Mark Shores,Veronicashire,Virginia,84200,167.228045,40.6518635
Jason Morgan,74,3142 Karen Stream,West Ericberg,Texas,57552,-117.999998,77.767728
Robert Vaughan,42,835 Rich Wall,Thomasberg,Montana,81664,29.141162,-87.157137
Sharon Grant,37,6949 Steven Stravenue,Patrickville,New Jersey,70106,-100.334697,61.8183715
Amanda Shields,69,0101 Robbins Extension Apt. 636,New Ellenport,Alabama,75904,-120.784853,16.5127505
Jennifer Morris,18,20969 Shepherd Cliff,Sparksville,New Hampshire,92036,110.508236,-75.7390995
Angel Huynh,20,4287 Bates Haven Apt. 642,Garciastad,New Hampshire,04616,173.870130,-31.8091945
Jose Armstrong,50,5892 Stephens Green Suite 186,Lake Jason,Vermont,75131,-0.837077,82.701052
Logan Thompson,26,236 Dixon Loaf,Lake Manuel,Nevada,77196,48.945282,67.166049
Matthew Owens,60,630 Miller Lodge Suite 669,South Williamshire,Arizona,09024,-109.857095,40.120369
Kevin White,53,369 Wilson Junction,East Jeffery,Arizona,72779,-104.935240,-88.5849055
John Glover,27,7957 Nathan Squares,Chapmanbury,Wisconsin,03818,85.754703,46.3805625
Glenn Kelly,75,1680 Warren Land,Bradleyville,Mississippi,89707,-103.074722,-41.1411295
Mathew Freeman,19,19059 Cathy Shoal,Brianberg,Oklahoma,91155,175.291114,-16.4114245
Craig Martin,66,400 Garcia Ridges Apt. 591,North Danielle,Colorado,47634,-121.863411,-85.440178
David Phillips,53,283 Gonzales Land Apt. 072,Port Danielle,Nebraska,96653,9.542085,-57.3778995
Gregory Hayes,50,46518 Goodman Forks Apt. 318,Youngbury,Wyoming,11416,86.357950,29.133154
Amy Lawson,38,4840 Diaz Squares Apt. 099,Lake Anthony,Nevada,01876,39.741625,-43.5735955
Dr. Tonya Bell,36,12383 Bond Radial Suite 280,Lake Henry,Kentucky,71322,-40.403495,34.4817115
Noah Fox,60,32946 Thomas Causeway Apt. 904,Paulfort,Kentucky,78075,-145.899235,81.643748
Ashley Alvarado,70,0925 Adams Fort,West Trevorberg,Missouri,51894,-87.070747,55.8003835
Jennifer Mclean,42,5850 Romero Rapids Suite 636,South Michelle,Iowa,92242,-33.158910,75.8909925
Jennifer Morton,50,3104 Lisa Mount,Jadeside,Kansas,67635,-5.100878,43.227180
Lisa Hernandez,50,74302 Catherine Port Apt. 681,Williamburgh,Rhode Island,30709,-101.509253,-8.7726545
Marilyn Vasquez,33,84542 Amanda Ridge,Williamsontown,Texas,12988,69.582543,26.2684535
Steven Rosales,66,31555 Parker Freeway,East Jonathan,Indiana,83655,132.100154,-9.437804
Elizabeth Byrd,50,1364 Barrera Tunnel Apt. 742,Lake Kimberlychester,Alaska,95282,42.028463,-82.0618525
Karen Murray,21,45992 Hansen Causeway Suite 621,West Cheyennebury,Idaho,14078,-159.054720,-26.386158
Roberta Davis,60,1814 Jeremy Spring,Port Amandafort,Missouri,64634,-102.265215,31.3368265
Destiny Clarke,57,234 Foster Views Suite 018,New Mike,Louisiana,27673,90.405776,-83.496123
Robert Anthony,71,19024 Nixon Green Suite 532,Adamsside,Montana,98962,-48.063119,23.9220545
Eric Dickerson MD,39,888 Fields Island,North Sarah,Illinois,65111,-1.086851,64.9231745
Joshua Hayes,31,54132 George Tunnel Suite 405,Geoffreyhaven,Florida,06053,10.820718,-12.7027185
Michael Brown,34,908 Sanchez Ports,Jasonville,Indiana,06887,24.076146,71.486735
Tammy Todd,33,203 Elizabeth Mall,East Daniel,Iowa,21097,147.916654,33.6011955
Linda Caldwell,69,21945 Nicholas Causeway Apt. 594,Lindsayport,Texas,45764,57.026611,-21.7243635
Willie Morton,50,385 Allison Streets Suite 800,Brittanyberg,Indiana,46545,-5.430864,-26.961252
Cassie Anderson,30,0814 Soto Lakes,North Richardberg,Idaho,06152,44.364967,-89.1152215
Danielle Goodman DVM,79,846 Martinez Prairie Suite 803,North Carlatown,South Carolina,25430,138.617972,-84.4969725
Katherine Kelley,38,443 Hughes Stravenue Suite 795,East Lindsayshire,New Mexico,80824,-70.809658,35.101138
Edward Mcfarland,58,7425 Brittany Ranch Suite 645,Lake Teresa,Washington,35685,-22.167638,28.7117335
Kenneth Johnson,78,59796 Steve Hills,South Johnville,Missouri,38339,132.733674,86.465823
Michael Spence,23,867 Tucker Isle Apt. 089,Jonesshire,Kansas,57180,58.126154,-14.190417
Heather Cabrera,55,914 Santos Villages,East Taylor,Georgia,84435,152.000147,83.479439
Jill Roberts,76,04646 Paul Drive,East Nicoleside,Nevada,44605,-23.471512,-35.2712015
Daniel Gardner,57,448 Shelly Orchard,Vincentview,Kansas,58110,20.586990,53.7401515
Julia Washington,62,559 Mack Cape Suite 889,Michelleburgh,Nevada,84543,-19.923768,37.3362095
Mallory Smith,28,0451 Stephanie Parks,East Michelle,Connecticut,05696,153.758893,69.4911365
Casey Hubbard,74,95710 Lane Avenue,Phillipland,Washington,46704,118.610445,56.9171905
Kenneth Hanson,70,30650 Richard Landing Suite 839,Anthonyton,Connecticut,15847,-0.178798,-70.4858425
Melissa Cervantes,42,59497 Martha Drive Apt. 029,Robertfurt,Ohio,43214,26.647024,-39.431807
Destiny Rodriguez,79,6508 Weaver Motorway,Port Deborah,Delaware,40775,-25.950081,37.4800535
Craig Bowen MD,62,8480 Mary Crossroad Suite 083,Hernandezberg,Oklahoma,22394,-164.227981,-73.793745
Thomas Wolf,19,34560 Kristin Turnpike,Johnathanside,Utah,64947,-150.643687,-56.124569
Victoria Horton,74,3648 Hines Avenue Suite 663,Shirleyport,West Virginia,93114,124.160100,79.4285075
Michael Ballard,71,41211 Reed Avenue,West Kenneth,Alabama,12017,-153.745542,-71.420747
Thomas Leach,32,9428 Chandler Track,Thomasmouth,Idaho,67407,93.263493,23.0354225
Joshua Jacobs,48,72525 Ramirez Underpass Suite 001,Turnerside,Missouri,13932,37.328241,-40.504222
David Thomas,41,9596 Mark Neck Apt. 848,Lake Joshua,South Carolina,39564,-162.592458,50.7912015
Robert Glenn,72,01176 Smith Loaf,Marshfort,Nevada,28039,134.146550,-27.6529965
Jackie Leach,54,36483 Mcguire Points,South Tracy,Montana,35728,-98.971154,35.2973665
Samantha Anderson,33,2174 Hartman Ridges,West Jorgeshire,Virginia,51819,-114.982930,-50.9186235
Michael Watson,59,54754 Barbara Village Apt. 094,Nathanielview,Arkansas,69886,-146.606918,-32.2652765
Louis Williams,35,62684 James Lights Suite 473,Alexandrahaven,South Carolina,80517,-3.505355,-23.7185125
Angela Stone,70,6943 Melissa Course Apt. 711,New Leonmouth,Michigan,65549,8.940377,-75.6028395
Felicia Robinson,60,01463 Jennifer Mills Suite 894,Port Jennifer,North Dakota,99436,-38.817872,-46.571919
Angela Ramos,57,958 Tara Gateway Apt. 712,North Phillip,Indiana,24248,145.601557,40.109201
Robert Allen,71,5617 Nichole Oval Apt. 432,Whiteton,Indiana,14874,26.961861,-46.4173785
Kimberly Wright,76,87909 Fleming Plaza Suite 151,Port Vincent,Vermont,90514,25.389943,79.1371585
Jessica Walsh,48,227 Perez Ports Apt. 934,North Crystalchester,South Carolina,01249,93.535736,20.2339605
Allen Johnson,76,2142 Alvarez Fall,West Stacy,Kentucky,53457,-138.181939,-79.4219245
Logan Whitney,43,1701 Patrick Coves,Collinschester,Massachusetts,84367,155.133463,16.0421215
Cassandra Moore,32,4796 Blair Crossing Apt. 786,Adrianside,Maine,45810,57.542709,73.149745
Kara Tucker,73,2642 Krista Fords Apt. 264,Turnerchester,Michigan,28065,130.677374,0.006797
Casey Rice,80,0075 Louis Expressway,New Laurenmouth,North Dakota,04282,142.850068,73.925019
Gary Kent,24,714 Molina Bypass,Valerieburgh,Maine,73543,-43.892647,-44.020048
Rachel Martin,52,725 Anna Street Suite 308,Robertland,Minnesota,54411,102.062341,-13.1534155
Michael Johnson,75,903 Gregory Station,Josephton,Louisiana,21733,-6.151338,74.464577
Allison French,47,3745 Jillian Ranch,Seanburgh,Illinois,56269,95.720947,-69.7298495
Brandon Dunlap,77,032 Bobby Spur Apt. 329,Garrettfurt,Maryland,38882,18.577023,-23.836975
Jeffrey Johnson,46,005 Kristen Street Apt. 358,Weaverfort,Kansas,94249,-142.047733,84.451236
Lori Barr,68,168 Bell Street Apt. 458,New Debra,Hawaii,39700,94.177019,-25.9347235
Jean Luna,22,69951 Courtney Springs,Kendramouth,Arkansas,78376,51.545082,48.6955945
Kristen Santana,58,36780 Lee Valley,Kellyborough,Wyoming,68978,19.496100,-71.230474
Tiffany Rodriguez,31,6459 Douglas Row Suite 212,Burtonchester,California,61984,-120.689842,-12.452544
Dr. Samantha Gordon,40,350 Carmen Harbors,New Brendaside,Kentucky,89759,16.736215,-57.314213
Kelly Brock,74,77017 Moran Forge,Parkerfort,Oklahoma,26632,152.450585,89.3088765
Brent Johnson,80,41554 Randy Springs Suite 621,West David,Ohio,28637,-51.336443,-8.640830
Paul Brock,26,1619 Williamson Common Apt. 746,Smithburgh,California,97118,-97.971687,39.468893
James Contreras,66,6054 Samantha Mews Apt. 940,Wagnermouth,Kentucky,39779,-115.018848,14.181172
Laura Colon,55,802 Jasmine Skyway,Wilsonmouth,Kansas,92602,36.791276,85.517741
Jonathan Robles,49,3670 Dunn Squares Suite 162,New Kendra,Utah,91997,99.067647,85.802786
Tracey Russell,19,2783 Brianna Isle,Grantville,Hawaii,56630,46.831404,58.2550605
Kelly Willis,21,8355 Franco Flat Suite 022,Melissashire,Indiana,66595,-119.519278,-64.6563675
Theresa Miller,73,8384 Stewart Mountain,South Alicia,New York,47166,-19.824851,-56.607483
Catherine Curtis,48,16903 Alexander Lights,Perezmouth,Alaska,54276,-143.321901,-42.9574415
Kevin Foster,48,139 Rich Drive,Christianchester,Minnesota,50926,79.455055,-12.1450375
Pamela Carrillo,48,1440 Michael Valleys,New Calvinhaven,Washington,31008,118.019084,-29.3665455
Ryan Nelson,55,679 Sherry Port,Port Stephenburgh,Virginia,12445,31.434231,-75.832294
Jason Watkins,50,89387 Joshua Turnpike,Richardhaven,Alabama,08747,-118.620975,-61.8501165
Craig Humphrey,31,79789 Melissa Ville Suite 388,Lake Sharon,Nevada,46554,-61.492723,27.398958
Jeffrey Lloyd,68,0194 Collins Drive Suite 445,Smithmouth,Nebraska,63932,16.101085,-26.6486595
Mario Roberts,68,869 Sarah Inlet,Emilyview,New Jersey,42295,-41.612757,-79.2558855
Debra Long,56,2546 Gregory Street Apt. 345,New Jennifer,South Dakota,36507,95.424110,-82.830968
Julie Santana,69,45472 Barbara Union,Anthonyton,Colorado,61504,-91.379437,61.455792
Courtney Hughes,25,6803 Donald Ports,Fowlerfort,Idaho,26340,-51.789726,70.680058
Edward Mccann,74,6154 Hunter Parkway Apt. 561,North Brianborough,South Dakota,51322,145.670609,59.4310905
Beth Archer,54,62600 Erica Inlet Suite 005,East Kathleen,Mississippi,13344,-174.223564,56.046671
Joseph Clark DDS,77,25040 Jesse Lakes,Moniqueton,Connecticut,01392,-15.311106,89.3808175
Joshua Green,69,2064 Campbell Fall Suite 361,New Matthew,Delaware,93919,-79.209261,60.7082915
Ryan Turner,73,80051 Lisa Common,South Patrick,South Dakota,57480,154.848868,66.540617
Amanda Yang,55,48959 Mckinney Park,Brandonmouth,West Virginia,14374,108.260159,51.843686
Craig Rhodes,40,061 Cruz Garden,South Karenside,Washington,10509,84.774221,16.312110
Jamie Tucker,27,251 Kim View Suite 135,Port Shirleyview,West Virginia,30655,-141.180490,77.638471
Dylan Braun,22,4428 Charles Extension Apt. 531,Torrestown,New York,27740,-160.339442,8.203858
Kristen Rollins,64,879 Morris Glens Suite 079,New Julia,Virginia,96770,-68.455956,52.8589665
Gerald Owens,26,8410 Jasmine Pike Suite 483,Serranoport,South Dakota,42119,-7.456023,9.0731155
Gregory English,19,5495 Brown Bridge,South Crystalview,Connecticut,78308,-112.825363,33.6116115
Daniel Wheeler,61,5524 Jared Isle Suite 971,West Jessica,Vermont,37824,150.071809,9.560155
Bryan Lee,25,212 Powers Cape Apt. 398,Audreyshire,Ohio,71290,-41.536506,53.3319165
Kathryn Holloway,79,0214 Matthew Greens,West Coryshire,New Hampshire,86279,-103.210821,12.021196
Megan Atkins,18,9653 Mitchell Shoals,Williamsburgh,South Dakota,97575,-69.882187,-48.6679885
Nicole Davis,20,130 Clark Trafficway,West Francistown,Wisconsin,71031,-161.951927,-31.587746
Christopher Porter MD,68,4733 Penny Oval Apt. 565,Nunezfurt,North Carolina,96856,-37.409853,0.430246
Laura Silva,80,4884 Malone Lock Suite 687,Williamfurt,Utah,74378,-0.877757,4.154294
Michael Walsh,33,13967 Salazar Valleys Suite 797,East Ashley,Connecticut,36541,-4.733575,-80.4140185
Anna Pratt,30,079 Glover Forks,New Frankshire,Louisiana,94095,127.461366,-51.9591015
Andrew Cochran,31,93686 Jennifer Walks,South William,Alaska,29211,48.593548,42.732416
Danielle Garcia,29,2551 Ellison Plains,East Megan,Minnesota,74885,9.963678,-69.085130
April Patterson,63,3815 Amanda Club Suite 206,Whitneyton,New Hampshire,07543,-42.597218,-85.8544865
Amanda Morgan,23,240 Bailey Squares Apt. 714,Jasonberg,Maine,63608,108.519788,62.132927
Brett Davis,28,24010 Donald Walk,West Maria,California,02086,-54.865895,-11.177263
Catherine Rose,35,793 Salas Circle,East Alexanderside,West Virginia,24713,-9.124000,-13.006369
Robert Dorsey,49,326 Nicholas Ports Suite 834,South Mariabury,Kansas,17145,176.966569,-8.588701
Travis Evans,60,530 Amy Dam,Troymouth,Virginia,97214,-35.601742,72.056393
Shane Schultz,65,88879 Wright Gardens,Stokesstad,West Virginia,12179,85.840642,84.8904045
Jessica Pineda,35,3369 Kyle Pass,East Briannatown,North Dakota,06061,-34.949137,-68.9104615
Danielle Schneider,34,100 Laura Greens Apt. 959,Meganfort,Oklahoma,75732,-103.624820,-18.481746
Victor Woods,40,0117 Susan Shore Suite 005,Daltonville,Alabama,25317,-95.707368,61.101569
Michael Black,68,9605 Dylan Trail Suite 290,East Ashleeton,New York,54217,-134.388970,68.6887465
Sarah Wilson,72,014 Sarah Manor,Medinaton,California,83485,-64.143494,-45.4225845
Jeffrey Chapman,30,11259 Carter Divide,East Pamela,South Carolina,65091,-130.594629,-46.3728155
Bobby Day,46,4322 Matthew Ford Apt. 854,Lake Emmastad,Alaska,16630,33.953346,-43.2738175
Abigail Solomon,69,2119 Beltran Lake Apt. 097,East Ericamouth,Indiana,39759,131.933382,16.3225195
William Adkins,76,166 Kyle Station Suite 728,Port Ralph,Colorado,73313,-148.285569,24.1545455
William Morales,67,952 Munoz Road Suite 703,Marialand,Virginia,20083,140.410813,81.1934395
Mr. Joshua Peterson,80,5325 Finley Crest Suite 380,North Pamela,California,53849,-29.707426,-63.3347735
Kyle Spence,45,060 Wright Rapid,West Taylor,Vermont,34159,17.786113,46.620416
Megan Andrews,72,54343 Clark Mission Suite 941,New Robert,Alabama,28864,-94.614456,2.301324
Nancy Thompson,77,671 Shelby Loaf,New Brooketon,Nevada,63020,-137.243917,33.2802725
Brenda Flowers,76,654 Jacob Locks Apt. 442,North Williamview,Kentucky,96092,-13.713366,82.7139935
Michael Duncan,65,5139 Snyder Greens,Rhondaville,Colorado,41391,-178.914392,17.697943
Alan Lopez,65,775 Lewis Village Apt. 255,Terrishire,Maryland,74187,-13.246013,11.6476875
Susan Jones,58,35974 Campbell Knoll Suite 186,Robertsonbury,Massachusetts,06543,8.624009,16.605906
Jeremy Palmer,54,95260 Frank Expressway Suite 217,West Bradley,Nevada,55173,39.233686,1.718688
Zachary Rodriguez,22,7057 Tyler Keys,Bowenfurt,Georgia,30559,-127.999784,52.8141535
Wyatt Johnston,66,407 Harry Dam,Katherinemouth,Delaware,33150,-155.681785,84.083806
Heather Lopez,72,018 Walter Rapid,Kellyland,Florida,06654,158.893580,-29.0401545
Dustin Thomas,79,3686 Vanessa Via,North Jesse,Illinois,15411,125.100168,-56.684980
Michael Clarke,63,43378 Shannon Prairie Apt. 387,East Cory,South Carolina,96594,-9.633920,-11.465708
Miguel Baker,39,2158 Williams Gateway,Taylorstad,Minnesota,26890,-151.920544,8.682422
Rachel Woodward,57,7285 Christopher Key Suite 064,Rebeccaland,Vermont,09682,3.757594,-56.548477
Sara Schroeder,57,6448 Doyle Trace,South Matthew,Kansas,90474,44.331742,89.5727955
Aaron Herrera,51,876 Paul Loop,Lake Briana,Vermont,68508,120.767852,-53.7847115
Kevin Gibson,26,611 Tabitha Walks Suite 776,New Billy,Hawaii,25691,-5.544640,55.446660
Shannon Miles,69,6970 Garcia Canyon Suite 332,Fowlershire,Oklahoma,12109,71.893612,71.4934775
Jennifer Crawford,25,98698 Smith Lane,North Kennethborough,Louisiana,21766,125.373261,8.0408705
Kayla Stevens,80,8742 Long Inlet Apt. 734,Hallport,Maryland,10131,-35.990375,23.037186
Tracy Walls,43,1231 Cheryl Views,New Judymouth,Hawaii,17038,-2.335590,64.818892
Jeffrey Craig,75,571 Ramirez Mission Apt. 505,Robinsonshire,Wyoming,71885,63.618746,51.7397395
Travis Weeks,33,830 Hannah Forks Suite 391,Ryanborough,Alaska,87402,-58.568076,45.458564
Mary Rodriguez,44,431 Williams Summit,East Loganview,Florida,38427,31.416576,62.695489
Nicole Cordova,43,74436 Barrera Stravenue,Michaelside,Nebraska,07946,19.667508,32.5638765
Bobby Flynn,66,9933 Frost Stravenue Apt. 160,South April,New York,26073,-146.720987,-19.175552
Thomas Cooper,71,8465 Chambers Shores Suite 608,Martinezchester,Washington,57922,82.466574,-38.8955795
Allen Kemp,36,71222 Jennifer Alley Apt. 067,West Bryan,Montana,02343,78.430286,84.455594
James Jones,61,36292 Nicholson Shores,New Brandiside,Louisiana,29994,-103.294224,42.6478145
April Hall,18,34839 Shirley Summit,Jonesshire,North Carolina,86382,96.985400,11.2285875
Margaret Rodriguez,66,978 Brown Circles Suite 753,Cohenmouth,Maine,83110,43.474130,71.0482915
Oscar Marquez,42,230 Mccormick Brooks,East Anthony,Washington,05841,-0.529919,28.7909885
Nathan Fletcher,21,570 Goodman Way Suite 413,Washingtonport,North Carolina,76040,49.685087,7.6804045
James Rivera,70,18832 Alexis Center Apt. 242,Rebeccachester,Arkansas,80532,-95.591749,35.9936305
William Gonzalez,18,53832 Ashley Mountain,West Nicole,North Dakota,21919,-131.830050,50.9186065
Amanda Gordon,33,49365 Harris Manor,Lindsayland,North Dakota,38351,-137.728475,59.1984145
Kimberly Wright,69,708 Hughes Court,Duranville,New Hampshire,32719,-23.232985,-88.7672935
Jordan Sandoval,43,88978 Angela Prairie,Brittanyhaven,Texas,62893,20.289389,-23.796245
Vanessa Smith,37,1113 Amanda Junction Suite 280,Boydview,Florida,78615,-107.525704,36.1431715
Ashley Mendoza,71,7992 Christopher Trace,Melissafort,Oregon,13823,-34.363015,-10.3267495
Anthony Miller,43,8428 Ashley Viaduct Apt. 886,Kentton,Nevada,28672,-49.015885,-17.2898315
Kyle Edwards,24,23157 Eric Valley Apt. 869,Scottview,Florida,36115,5.300841,-30.941431
Emily Le,34,33569 Peters Garden Apt. 851,Thompsonhaven,Indiana,34907,120.281620,31.370842
Shannon Larsen,71,333 Hernandez Hill Apt. 529,East Marc,Arizona,08366,-121.679702,48.2951775
Chris Hayes,38,56273 Ronald Mills Suite 950,Thomasmouth,Iowa,23792,-83.200974,4.517667
Michael Rivera,50,79710 Nicole Meadows Apt. 069,New Deanfort,New Mexico,73789,-81.208865,-7.9003045
William Cross,19,348 Mann Meadows Apt. 626,Quinnfurt,Connecticut,26624,-48.001671,60.1477265
Emma Adams,51,733 Guzman Canyon Apt. 792,East Jeremy,Massachusetts,74219,-128.854368,67.0846995
Jonathan Williams,65,0706 Danielle Terrace Suite 798,Brownborough,Montana,38813,-150.839527,-41.6767705
Wayne Cole,25,24164 Christopher Road Suite 545,South Colleenport,Minnesota,64056,-31.561225,-62.4141775
Richard Jordan,44,7020 Nichols Expressway,Valdezborough,Idaho,85327,-86.564700,85.5778245
David Dyer,29,6208 Ronald Trail,Ethanburgh,Colorado,76732,157.860018,27.475326
Omar Juarez,50,3313 Robert Motorway Suite 886,Barryshire,Indiana,92102,36.675464,4.968623
Doris Clark,54,1796 Rasmussen Ports,Port Chrisview,Alabama,98473,141.600389,67.2256865
Amanda Ramirez,33,53793 Smith Plains Apt. 342,East Katrinamouth,Utah,10753,-40.769269,68.1992295
Charles Patel,68,237 Beard Gardens Apt. 754,New Robertfurt,Maine,95194,17.173981,-68.432021
Vanessa Lee,28,6668 Gene Island Suite 609,Hartport,Wisconsin,92360,106.876701,82.0173205
Michael Miles,23,05383 Daniel Lodge,Port Aliciaville,Pennsylvania,35354,-29.631766,-35.138385
Kathleen Carney,57,7373 Anthony Mountains Suite 096,Stephenside,Wyoming,26961,-87.522109,61.488042
Amber Marshall,61,751 Mark Drive,Christinaport,Mississippi,49702,-41.231002,66.064354
Ashley Ortiz,74,9844 Jeremiah Hills,Port Wesley,Massachusetts,63164,-32.501874,62.187828
Anthony Hernandez,64,469 Reginald Centers,West Tracy,Wyoming,52931,-117.911013,65.873845
Rebecca Young,65,920 Watson Vista,Ashleyside,Nevada,86437,175.632670,2.7671095
Tracey Foster,71,7248 Bartlett Plains,Lake Jason,Texas,65443,-176.664765,6.3012535
James Tanner,26,352 Wang Spring Suite 183,Charlesville,South Dakota,78069,23.039938,-78.511356
Jeffrey Powell,48,38070 William Forks Suite 204,Mortonland,Kentucky,01822,32.458276,73.012290
Jesse Harris,43,21020 Anne Landing Apt. 036,Port Zachary,Pennsylvania,97346,-83.416274,87.283536
Jerome Evans,73,104 Amber Shore,New Jeffrey,Wyoming,88980,-50.009678,39.2616525
Cathy Cooper,40,96453 Shane Harbor,Port Robert,Alaska,20290,36.127566,59.7606055
Kevin Hanna,41,32054 David Mountains,West Charlesborough,Utah,02648,-6.549814,87.9757015
Anthony Powell,65,71808 Gabrielle Well Apt. 459,Jameston,Alabama,41606,-144.019488,-28.9216925
Ashley Vang,33,77904 Sean Row,Port Sergioborough,South Dakota,21459,-69.014850,-26.9594585
Dr. Kristen Hobbs,27,0300 Velasquez Glens,Wesleyville,Connecticut,20919,6.935270,-28.5882685
Patricia Moore,67,978 James Mill,South Michelleborough,Massachusetts,31929,132.781412,1.6167515
Eric Ford,70,080 April Ford Suite 117,East Kathyborough,Utah,34808,-20.661595,-2.2739585
Ryan Salazar,50,10463 Nicholson Squares Apt. 985,Elizabethland,Texas,46140,-71.869912,-57.173012
Richard Davis,60,6342 Leslie Drive Apt. 707,Bushmouth,South Dakota,82806,-59.383828,37.5321495
Kristen Maxwell,64,81811 Wendy Shoal Apt. 784,East Francisville,Kansas,89132,-81.978767,3.219186
Victoria Goodman,65,23874 Jenkins Route Apt. 631,Jonland,North Dakota,36543,-156.730007,-69.026331
Cheryl Holmes DDS,63,158 Rebecca Spurs Suite 196,Wonghaven,Florida,88907,-101.562092,34.806037
Kevin Hill,37,3130 Alex Lock Apt. 560,New Ashleymouth,Utah,00943,19.135276,35.2044445
James Wright,64,010 Carlos Fields,Jacksonhaven,Montana,69763,-29.715034,-44.2569065
Cheryl Butler,77,160 Ryan Ports,Lake Andrea,Maine,65678,53.794429,-65.932732
William Berg,38,9311 Nicholas Path,Wilkersonhaven,Nevada,58101,-133.034760,-5.206858
Mariah Hernandez,57,9860 Douglas Loop,Katieville,New Hampshire,93656,54.931523,-18.0696155
Michael Lee,66,96391 Vasquez Port Apt. 309,Debraview,Tennessee,18243,-164.015816,73.5560045
Christopher Lewis,67,111 Gutierrez River,New Sarahmouth,California,69065,107.234800,1.2000265
Brittany Walker,32,1003 Carter Valley,South John,Iowa,37894,179.267899,11.9114435
Travis Werner,43,86907 Taylor Shores Suite 370,Brianashire,Florida,43781,165.228842,-22.455736
Elizabeth Brown,44,16293 Jack Shore,West Debbie,West Virginia,36049,77.752715,73.624041
Rachel Allen,62,41461 Walker River Suite 572,South Ericachester,South Carolina,81223,-159.277710,55.2759915
Joshua Webb,54,947 Cindy Place,East Zacharystad,Iowa,26562,-79.543347,33.708794
Joseph Foley,27,578 Amy Course,Rosarioborough,South Carolina,36991,162.870413,69.068626
Jennifer Gomez,19,773 Stephanie Forges Apt. 740,Jacksonshire,Rhode Island,71836,-108.129060,-44.536911
John Maddox,34,342 Gill Ranch Apt. 243,Lake Darrellfurt,Iowa,35391,162.623678,75.279058
Kenneth Parsons,34,64630 Christopher Forest,Jonesbury,Vermont,42160,-168.375289,-67.4688405
Kelly Tanner,53,45715 Michael Flats Suite 203,Hodgesview,Wyoming,93447,71.061010,-18.124858
Sandra Mclean,25,1323 Brandon Lodge,Sarahshire,Delaware,08402,25.748771,55.8176725
Dr. Dustin Clark,47,527 Anderson Ports Apt. 326,Charlesview,Connecticut,33837,-104.936833,58.793528
Cheryl Peters,39,3555 William Prairie Apt. 770,New Katrina,West Virginia,77372,96.533363,84.3218155
Sophia Johnson,67,96592 Rogers Vista Apt. 144,Levinefurt,Washington,67737,-107.332139,-43.3100215
Jack Castro,43,24130 Garcia Lock,Rebeccafort,Colorado,13381,54.328091,-3.0004465
Ashley Banks,67,2616 Stone Gateway Apt. 012,South Stevenmouth,Iowa,16873,-107.152557,79.237929
Alison Rodgers DDS,44,09919 Hernandez Stream,North Gailmouth,Michigan,39446,-5.366799,-6.410951
Kelly Cruz,26,2812 Morris Shoals Apt. 182,Johnsontown,Alabama,25648,-160.528987,-86.453698
Kathryn Miller,40,143 Tyler Grove,Hunterton,South Carolina,90234,-54.006108,-30.972365
Vanessa Lucas,39,9669 Johnson Camp,Evanchester,Michigan,58562,7.674912,-60.0196725
Kelly Russell,48,50960 Goodwin Trail,West Dianachester,Tennessee,06599,-55.114123,-18.3757385
Michael Long DDS,28,809 Sean Ford,East Susan,Hawaii,62650,13.409195,78.0835885
John Smith,75,32562 Martin Fall Suite 000,Kurtbury,Michigan,71671,-154.679847,60.4226415
Sharon Park,36,82164 Gonzalez Burg,East Mackenzie,Kentucky,42007,159.389903,-82.2859975
Adam Brewer,43,974 William Street,Ruizport,Alaska,75083,130.281672,31.164224
Thomas Espinoza,19,393 Chapman Underpass Apt. 941,West Kim,New York,95462,16.602482,56.3053935
Michael Frederick,73,796 Raymond Skyway Apt. 403,West Kristieberg,Alabama,69916,-156.310344,10.989390
Albert Wood,48,548 Fisher Inlet,South Bradley,Florida,62816,108.329613,-1.8066245
Mary Tran,75,90158 Mary Port,Tannerberg,Kansas,02928,-79.512059,-14.124709
Charles Cruz,61,02515 Denise Crossroad Suite 875,New Jenny,Pennsylvania,02283,90.863916,57.867309
Angel Watts,27,3525 Patricia Rapid Suite 191,Edwardschester,Delaware,70160,92.686895,8.633736
Corey Blake,65,94034 Thomas Branch,Meredithfurt,Utah,23917,-39.220484,-67.7015565
Jordan Spears,61,952 Mccall Village,Watsontown,Indiana,62814,168.065525,7.4293755
Mark Rose,47,13765 Williams Inlet Apt. 155,East Tanner,Kentucky,55340,95.526466,-36.5112115
Russell Moore,77,4775 Jonathan Ranch,West Cherylburgh,Washington,55979,-50.981761,-36.4827525
Brittney Nichols,57,937 Joshua Highway Suite 638,Herreratown,New Jersey,81392,39.365849,4.103182
Kathleen Jones,38,98720 Andrew Tunnel Suite 195,Jenniferburgh,Nebraska,56298,146.861988,-52.4259025
Jordan Phillips,79,507 Christopher Garden,Lake Angelaland,Wisconsin,61326,123.278250,-45.2586585
Richard Ramos,25,4578 Denise Green,East Brandiberg,West Virginia,10873,-41.736505,-21.9771245
William Knight,73,3413 Christopher Crossroad Apt. 529,Lake Joshuaside,Maine,73672,11.020812,-38.5528535
Timothy Mayer,74,17015 Mckinney Isle,Carolside,Massachusetts,18354,39.762620,41.047334
Glenn Lee,20,194 Kimberly Parkway,Abigailport,Louisiana,12147,-150.872743,43.375522
Jacqueline Cole,79,28101 Williams Harbors,East Nancy,Delaware,14583,-38.155698,45.046418
Nicole Palmer,60,0759 Jeffrey Expressway Apt. 368,Port Victoria,Mississippi,03286,106.697818,5.075741
Kevin Scott,19,233 Lambert Circle Apt. 952,New Victoriaport,Wisconsin,31174,-93.544514,-15.675079
Deborah Green,43,38725 Kirsten Oval,New Ianfort,Delaware,37384,60.399520,-39.5391555
Susan Bell,50,25260 Jesse Centers,Edwardfurt,Maryland,31293,-75.080065,27.357283
Diane Morton,21,5076 Ronald Mission Apt. 040,South Sheila,Minnesota,76213,26.641261,42.766663
Kimberly Villegas,41,2974 Shelby Way,Markbury,New Mexico,64292,17.782066,-48.970840
Antonio Jordan,29,644 Butler Springs,Jenniferport,Wyoming,77647,-6.684203,-43.544195
Kayla Spencer,56,6156 Sloan View,New Tyler,Alabama,42716,-39.394679,60.3917275
Lisa Gordon,68,104 Fry Island Apt. 059,West Brandonville,Maryland,65593,-159.780796,51.072627
Wayne Hogan,73,144 Michael Forks Apt. 422,Lake Laurenmouth,Kansas,67262,-154.223927,53.1344215
Scott Sherman,27,691 Williams Court,Barbaratown,Washington,89884,-86.152799,49.439856
Cameron Bennett,21,313 Kimberly Coves,Hamptonborough,Illinois,87045,-71.716685,-50.5301375
Michael Moreno,22,0310 Brown Ville Suite 276,New Lisatown,Kentucky,42681,-54.904891,-62.2644745
Stephanie Tucker,53,25973 Aguirre Throughway,South Kellyville,Louisiana,66439,30.240333,41.888570
Charles Jones,78,91145 Robert Port,North Lori,Washington,33538,11.339156,-75.316689
Anthony Hancock,48,2635 Steven Mews Suite 618,Johnberg,Alabama,06278,-13.657613,4.648981
Gerald Gonzalez,25,2368 Jerry Stream Suite 028,West John,South Dakota,49831,37.000552,48.1057975
Donna Sanchez,18,93176 Graham Lodge Suite 218,New Josephview,West Virginia,55742,-85.059328,59.7412165
Samantha Sims,61,345 Mckee Course,Morrisshire,Idaho,03043,-87.868150,-44.4462335
Matthew Fowler,77,368 Sharon Unions Apt. 179,West Danielside,Virginia,92167,12.952639,-71.582514
Jeffrey Ellis,59,078 Andrew Ports Apt. 687,Keithfurt,California,14716,179.050509,80.472050
Francisco Calderon,19,1776 Matthew Manor,Anthonymouth,Colorado,70398,105.430739,-55.1370255
Richard Brown,66,87314 Mike Throughway,Melissaburgh,North Carolina,60318,-82.634721,71.9367225
Renee Nelson,67,40207 Joseph Prairie,Perezmouth,Alabama,38896,126.894509,-42.479528
Amanda Reeves,41,4583 Gregory Causeway Apt. 280,Port Joshuaburgh,Delaware,95686,36.229696,-44.165109
Joel Bartlett,22,8816 James Cape Apt. 852,Brookechester,North Carolina,23109,18.900303,82.1265295
James Gomez,55,6843 Mariah Road,Lake Paulside,Wyoming,77000,-82.449187,-6.742272
Lori Hood,37,32439 Alexander Circle Apt. 398,Joshuafort,Hawaii,53584,95.314011,-52.770009
Paul King,34,87806 Jacob Springs,Dianachester,Massachusetts,65383,64.942812,-64.261788
Jorge Cunningham,52,224 Brian Center Suite 435,West Jessica,Iowa,22414,100.557488,-57.153355
Scott Brewer,38,24423 Jordan Crossing Suite 330,Adkinshaven,Mississippi,38192,-112.429236,31.346496
Danny Marshall,68,23848 Ortiz Manor Suite 368,Lake James,New Hampshire,25555,-42.103317,-57.9981975
Jeffrey Clark,24,86607 Ariana Orchard Suite 619,Jordanstad,Arkansas,55878,2.821244,-86.0548415
Frank Kim,48,95842 Dodson Cliff Suite 628,East Chadport,Rhode Island,57430,-157.643634,-48.4019645
Lindsay Long,65,5373 Martin Mountain,East Thomas,Oregon,70312,28.405156,60.3735675
Dakota Edwards,35,8856 Ramirez Fall,Sarahfurt,West Virginia,01349,105.159432,-53.4034215
Molly James,58,8981 James Vista,North Christopherchester,New York,71542,-98.357073,83.905150
Brian Simon,76,4013 Bean Road Apt. 650,Larryborough,Maine,27201,16.855235,-26.155713
Kyle Nichols,62,1463 Adam Run Apt. 541,South Mark,North Carolina,81540,-62.853450,-5.680893
Hunter Landry,51,075 Dale Forest,Stoutburgh,New Hampshire,69484,-68.945885,-82.114073
Ernest Parrish,39,86743 Rodriguez Roads,Williamland,Missouri,88786,25.171367,-17.983507
Andrew Arroyo,74,7622 Dominguez Mountain,Lake Lauren,Wyoming,02178,-171.115206,-80.280960
Angela Cross,73,8308 Jill Row Suite 615,New Morganbury,Mississippi,99501,-61.046802,-71.245174
Donna Martinez,63,6065 Fletcher Pines,Gonzalezmouth,South Dakota,79762,122.110922,-6.9967215
Amanda Kim,41,311 Amy Locks Apt. 854,South Edwardtown,Maine,55469,116.582349,-42.242269
Erica Moore,63,0841 Jones Cove Apt. 361,New Ryan,Massachusetts,76348,40.509011,70.297822
Maria Barton,61,853 Thomas Loaf,Cooperview,Nevada,38462,-77.445958,78.271904
Jordan Martinez,49,00723 Duarte Rapid Suite 863,Hornmouth,Illinois,61875,169.098297,36.221316
Diana Fletcher,39,53714 Ruth Fort,East Danielle,Oregon,88027,-116.063052,-43.953041
Shane Reese,57,53301 William Forges,Christophertown,New Hampshire,54721,-76.039747,-79.4340355
Raymond Mullen,20,697 David Trace,North Matthewport,Nevada,55889,-29.837760,-33.3036695
Nicole Taylor,40,84006 Daniel Canyon,Port William,Oklahoma,05731,-147.155458,88.358283
Christina Miles,73,94142 Amber Drive Suite 763,Lake Jonathan,Maine,95808,84.361097,0.7385115
Kaitlyn Pratt,69,4086 Christopher Mount,North Marcside,Delaware,90986,156.108921,-24.7064875
David Moran,23,168 Jennifer Port,West Edward,Texas,07416,-179.480834,-50.4347105
Jessica Moss,72,9138 Davis Inlet,New Duane,Idaho,20892,-79.938719,82.5663965
Patricia Ferguson,27,8940 Jacob Rue,South Denise,Tennessee,44952,-66.120086,-13.0538255
Ronald Thomas,19,852 Scott Shoals Apt. 282,South Kevinstad,Wyoming,07558,67.200017,-77.796693
Mrs. Tiffany Young,33,00967 Pena Isle Suite 869,North Ryan,Massachusetts,53486,-134.384229,-75.594439
Daniel Woodard,27,8916 Lloyd Lights,Davidton,Minnesota,14475,25.919661,29.298550
Marcus Donovan,43,56584 Morrow Way Apt. 161,Margaretside,Oregon,78401,-37.808322,71.571407
Charles Parker,48,94236 Brandy Ferry Apt. 599,Port Carolineborough,Hawaii,12850,42.324470,41.503685
Karl Stevens,49,3041 John Knolls,Port Vickiebury,Nevada,67864,40.201037,69.441180
Kelly Salinas,62,4681 Burke Tunnel Suite 589,Leslieberg,Hawaii,69485,-15.527035,-59.265954
Ashley Singleton,30,88365 Harris Spring,Hernandezburgh,Louisiana,92105,-77.180284,-31.270434
Jamie Freeman,64,238 Brenda Bypass Suite 569,East Tiffany,Colorado,62596,-38.676371,44.4675525
Virginia Adams,21,4926 Kerry Pass,New Katelyn,New Mexico,58818,16.720758,12.394331
Justin Holland,58,85114 Courtney Throughway Apt. 906,East Williefurt,Massachusetts,63961,90.338089,-64.0288175
Melissa Sherman,72,14898 Wendy Cliff,Kristinland,Utah,41837,169.316875,30.353723
Heather Sanders,32,63594 Best Trail Suite 273,Wilcoxton,Maine,56263,-40.420669,66.8174825
David Johnson,74,180 Reid Views Suite 122,Port Katie,Georgia,11474,-62.944660,33.2626845
Alan Elliott,39,982 Emily Stravenue Apt. 958,Poncebury,Delaware,80538,2.206793,87.5893675
Robert Campbell,39,88587 Scott Harbors,Port Lisamouth,Montana,18568,-173.050753,14.104455
Benjamin Glover,21,5786 Munoz Mills Suite 894,Loganside,Massachusetts,34228,44.386148,-85.044573
Amy Gonzalez,71,1016 Troy Lights,West Morganton,West Virginia,61239,-44.539909,-87.672254
Sherry Smith,48,78930 Alvarez Lane Apt. 175,Ericview,Wisconsin,20294,77.654202,55.9472365
Taylor Jefferson,24,1101 Andrews Rest Apt. 192,Lindatown,Idaho,87244,-89.748949,33.2988645
Charlotte Gregory,77,40243 Justin Branch,East Ann,Rhode Island,69460,-146.002861,5.619386
Jonathan Rodriguez,23,3228 Miller Motorway,Wilkinschester,Illinois,58112,5.047773,-31.560369
Brian Taylor,18,64722 Tiffany Fields Apt. 545,Claytonburgh,Utah,29152,146.130137,-25.276518
Jasmine Martin,60,6370 Scott Walks Suite 064,Davidfurt,Maryland,24161,54.155056,-85.6946125
Rebecca Butler,70,5772 Villarreal Mountains,Port Andrew,California,44857,111.634974,-50.824211
Roy Rios,66,90388 Erin Road,Charlesview,Washington,91656,99.199322,-20.6477905
David Middleton,38,7802 William Gardens Suite 616,Grimesside,California,12488,-142.784693,-38.509869
Diana Cruz,47,1321 Dawn Drives,New Shannon,New York,78223,-27.889692,32.921706
Tracy Harris,48,109 Christopher Station Apt. 284,East Jody,Arizona,08494,58.856582,62.7141695
John Myers,25,3887 Kathryn Vista,East Chelsea,Indiana,80078,-171.854404,-70.6610265
Jamie Anderson,77,1680 Griffin Neck Suite 607,Brandonville,Indiana,54423,75.639281,-2.4658605
Robyn Murphy,77,180 Crawford Villages Apt. 338,South Jennifer,New Jersey,81609,-152.737077,62.6132785
Monica Banks,80,9002 Ingram Brook,Ashleychester,West Virginia,38338,-65.982548,86.450174
Hannah Herrera,76,7600 Rivera Harbors,South Cherylbury,Kansas,86697,-81.193544,-34.6886305
Carlos Tanner,41,515 Jenny Rapid,Martinezmouth,Wyoming,04683,-152.260028,36.4480095
Taylor Gibson,72,28310 Arnold Village,West Aaronview,Texas,40705,-147.916911,-47.828557
Nicole Larson,47,78074 Angel Radial,North Jeremy,Texas,16896,53.636651,22.355475
Erin Yoder,48,23776 Ramirez Parkways Apt. 630,Michaelbury,Wyoming,76277,2.101654,-81.9725975
Stephanie Hodge,22,377 Ford Cliff,Butlerborough,Hawaii,52677,145.229776,33.3703675
Taylor Brennan,66,0691 Daisy Mission,North Timside,Oklahoma,39649,-37.507092,19.0571655
Brenda Riggs,32,2960 Joshua Burg Suite 462,Nathanielton,Michigan,10496,-160.691837,85.6160435
Cynthia Perez,71,35918 Daniel Gardens Suite 457,South Morgan,Texas,54901,113.983462,-87.6610915
Kenneth Carey,51,3596 Donaldson Path,Lake John,Nevada,01627,-159.043530,-9.9519145
Caroline Wise,31,631 Lynn Land Suite 336,Port Alex,West Virginia,92280,105.075529,-33.5623295
Megan Ibarra,36,875 James Meadow Apt. 641,South Jerrybury,Kentucky,28715,2.316687,48.835673
Brian Williamson,40,957 Kelly Prairie,Griffinport,Connecticut,30667,-52.351241,-85.0519765
Brandon Walton,74,58397 Hayden Course Apt. 612,Davisshire,Utah,38329,129.921155,-56.7246195
Andrew Kerr,63,519 Daniel Extension,Nicolehaven,South Carolina,06584,-134.740986,66.044463
Douglas Drake,65,577 Vasquez Forks,Port Chad,New Jersey,46979,-119.774904,-80.179182
Sherri Hernandez,27,661 Lopez Ville Suite 926,South Brittany,Utah,67982,-44.940525,-64.9754195
Alison Young,32,6413 Amy Stream Apt. 247,New Seanchester,Vermont,01972,139.379471,-40.5505715
Robert Morrison PhD,71,223 Cathy Village,Cookshire,Delaware,23879,29.495447,-59.9411535
Joan Mckinney,31,362 Johnson Summit Apt. 836,Cartershire,Washington,60925,-27.292870,-20.0042675
Sara Ball,75,69577 Reed Isle Suite 254,North Alexander,Ohio,59977,134.331357,-65.6911215
Tina Copeland,42,0983 Madison Hill,Lydiaton,Arkansas,94623,-49.982852,1.842334
Charles Johnson,30,18373 Hall Valleys Apt. 279,Cooperborough,Maine,50411,-57.953011,77.727600
Mary Valdez,27,8665 Jones Port Apt. 334,West Davidshire,Nevada,80881,118.863809,77.7363805
Molly Walker,54,92760 Guerrero Ford,North Markbury,Colorado,35315,-5.383608,-6.0310035
Bobby Hooper,80,7724 Reyes Views Suite 304,Jacquelinemouth,New Mexico,81943,29.802804,-66.1578395
Kimberly Berger,43,558 Hill Plaza Apt. 683,Richardsshire,Washington,77780,155.600717,57.8683705
Dustin Elliott,34,8507 Alice Bypass,Mendezbury,California,46848,38.353638,10.9224775
Rachel Roberts,26,84276 Ann Harbor,New Julia,Connecticut,77769,151.245675,-46.538820
Andrew Johnson,46,4073 Hannah Rapids,Port Cheyenne,Washington,90119,-37.559523,-1.2174325
Nancy Becker,38,1170 Daniel Island Suite 748,Port Ashleyton,Delaware,84016,-145.398093,-71.727624
Renee Jones,23,448 Phillips Trail,Vaughnbury,Georgia,39184,152.854739,-24.398411
Sergio Perry,65,08368 Coleman Mission,Jasonside,Maine,32876,-10.493660,-12.8058065
Luis Obrien,70,508 Waller Field Suite 482,North Rebecca,Texas,70409,124.948033,6.870592
Sharon Gregory,60,64040 Amanda Oval Suite 070,Jenniferton,Alaska,41976,71.410773,-25.7055475
Shawn Marquez,27,47203 Hernandez Cliff Suite 869,South Marvin,New Mexico,43977,69.730746,50.084854
Nancy Collier,54,6359 Joshua Ford Apt. 471,Palmerport,Alabama,42541,176.936227,-23.006854
Matthew Oconnor MD,78,92336 Graham Square,Nicoleton,Nevada,48610,152.617806,-72.816094
Jared Andrews,78,11917 Carter Forge Apt. 016,Garciaburgh,Arkansas,15057,70.397040,-73.056044
Rose Jones,35,6441 Joshua Forest,South Josemouth,Alabama,14219,-140.298052,-24.2231405
Amy Lewis,55,1924 Hebert Club,Hooverside,Alabama,78359,-161.197351,-66.839477
Tamara Harvey,41,070 Jill Crossroad Apt. 194,Lake Amandafurt,New Mexico,27076,76.539916,39.631916
Rachel Thomas,41,8026 Sarah Inlet Apt. 736,Hermanfort,Delaware,35234,-104.339677,-77.008854
Susan Oneill,23,15751 Buchanan Corner,New Clayton,Wisconsin,74021,5.664588,85.1786825
Susan Adams,73,19468 Amber Walk Suite 575,Sharpville,Hawaii,71490,105.265409,-37.051202
Stephen Cook,75,11853 Gabrielle Hollow Suite 295,South Alicia,Pennsylvania,57944,127.968368,78.646893
David Sullivan,36,604 Wang Cliff Suite 001,New Jessica,Iowa,13603,144.039341,-83.3590635
Ashley Moore,24,18559 Collins Station Apt. 815,South Jessica,New Hampshire,89434,118.921140,30.773026
John Parker,79,72657 Stephanie Spurs Apt. 657,Romanhaven,Utah,29932,-159.904354,0.6358945
Robert Martin,37,93833 Nicole Way Apt. 790,New Robert,Michigan,32786,-72.309303,80.2827875
Tammy Bowman,63,78787 Lloyd Island,Marksport,Ohio,52719,-108.409121,-43.246557
Lucas Torres,71,85266 Robert Inlet Suite 897,New Angela,Hawaii,01353,81.611324,-70.7353635
Katie Coleman,37,891 Peter Avenue,West Larry,Washington,09927,-162.426166,80.1161365
Tiffany Estes MD,40,541 Wesley Pines,Scottborough,Delaware,81149,17.314349,59.090188
Barbara Avila,38,79278 White River,Catherinefurt,Maine,82196,174.740391,-76.561729
Andrew Decker,35,813 Anthony Fields,New Henry,Pennsylvania,61850,-167.882702,-52.155030
Amber Hernandez,78,867 Phillips Key Apt. 118,West George,Nebraska,13893,-131.365132,-2.367323
Jasmine Jordan,63,79861 Sanchez Meadows,West Robinton,Louisiana,42849,158.033696,2.6378995
Stephanie Davis DVM,54,264 Jonathan Circle,East Cynthia,Ohio,09803,-172.697979,84.4911675
Chad Hobbs,39,361 Frederick Cliffs Apt. 515,East Ericachester,Utah,93091,85.728383,-61.1941415
Christopher Alvarez,30,75358 Allison Overpass Apt. 095,Debbieberg,Michigan,16299,-87.441557,-77.6505085
Jennifer Wright,33,99905 Zachary Shoals Apt. 678,Gomezmouth,Virginia,70636,-167.293684,-49.4457215
Bryan May,40,4377 Gardner Rue Apt. 457,Annland,Alabama,23027,8.354617,-63.2214565
John Mendoza,80,9096 Debbie Mountains Suite 168,Darrylmouth,Maryland,13391,-88.705557,81.764576
Amanda Love,47,549 Boyd Mountains Suite 406,New Christina,Kentucky,54511,68.126822,-38.179774
Cole Brown,68,6673 Yvonne Meadows Apt. 541,New Steventown,Alaska,66473,113.523744,-5.113816
Kelly Barrera,59,299 Jennifer Stravenue Apt. 184,Christophershire,Kansas,50489,-6.778253,10.344800
Morgan Reynolds,80,865 Smith Valleys Apt. 987,East Marissa,Connecticut,11222,107.039084,-59.9530675
Phillip Owens,33,0559 Lewis Locks,West Carlos,Nevada,11119,54.575899,76.516625
John Nguyen,41,85804 Delgado Dam Suite 445,Allenchester,Iowa,35809,-64.315921,-73.070054
Anthony Hayes,64,200 Heather Burgs Suite 906,South Erinstad,Vermont,46615,63.487857,89.530794
Cory Fisher,61,5970 Brown Spurs Apt. 169,Anthonyshire,Kentucky,62290,-5.201026,-85.724589
Sandra Nguyen,80,312 April Ways Apt. 696,Loriport,Vermont,56168,103.637216,-17.492962
Robert Scott,26,1494 Dean Fort Suite 075,Courtneystad,Kentucky,50111,-45.566004,-82.505451
Timothy Fitzgerald,77,030 Kim Brook Apt. 575,Ortizhaven,Utah,80089,91.531991,68.2148265
Rebecca Gray,24,87079 Kevin Prairie,New Paultown,Alaska,83127,-36.969848,16.5469575
Greg Moreno,35,76113 Krause Meadow,Emilytown,Rhode Island,73810,-24.430773,-81.730200
Mary Boyd,80,66623 Adrienne Lakes Suite 034,South Timothychester,Tennessee,31115,137.229338,65.8889395
Laura Jensen,23,22311 Kelly Station,East Jenniferborough,California,62613,-155.760318,-77.1510585
Jay Potter,67,506 Jason Tunnel,Walshberg,Florida,95673,-67.787850,-51.4362705
Elizabeth Montoya,61,211 Johnson Cliffs Apt. 396,South Susan,Montana,95239,-65.758650,83.3942865
Crystal Butler,56,839 Ford Trail,Kylechester,Wyoming,58272,42.334175,72.8926185
Anne Kent,48,80885 Wood Extensions Suite 072,Katelynchester,Arkansas,83891,139.647387,-23.341988
Jose Beck,73,1238 Marie Viaduct,Lake Maurice,Utah,36867,-83.388020,-63.3950865
Laura Ward,19,085 Megan Meadow Suite 373,Samanthabury,Colorado,34031,159.937044,14.6251845
Shannon Rosario,64,135 Pitts Passage Suite 960,Kennedyton,Michigan,66285,-61.099252,45.6756025
Alyssa May,59,901 Holly Vista Apt. 356,Swansonview,Pennsylvania,77667,91.437660,33.683482
Brittany Lopez,52,745 Osborn Crescent,Toniberg,Montana,88053,-84.619880,78.4114685
Elizabeth Smith,19,3224 Castillo Cliffs,North Timothy,North Carolina,47227,-175.324921,38.2383115
John Davis,32,6992 Stewart Throughway,Williamstown,Oklahoma,28574,118.285797,-89.7429405
Heidi Henry,60,58245 Jorge Road Apt. 838,Jonesburgh,Pennsylvania,56729,-151.358035,58.293577
Annette Pierce,74,54253 James Burg Suite 085,Bowersport,Maryland,12300,-158.114994,6.5334025
William Fuller,60,61153 Henson Avenue,West Judy,Virginia,67270,-149.782043,-32.220419
Brian Mendez,77,994 Ashley Canyon,East Jorge,New Jersey,49726,84.090262,47.968296
Tony Melendez,58,017 Michele Circles,Lake Lindsayberg,Wisconsin,66413,95.083145,-4.305540
Jennifer Holloway,57,88041 David Estates Apt. 920,Nicolestad,Montana,09058,-35.095832,0.420860
Michele Underwood,59,35068 Justin Streets Suite 887,East Brittney,Virginia,56692,151.575477,50.3951335
John Jefferson,65,31071 Christina Falls Apt. 165,New Stevenborough,Utah,97215,-170.549324,-80.0454885
Randy Cisneros,20,95164 Schwartz Springs,East Ericamouth,Massachusetts,00673,-11.820781,-45.145101
Heidi Schmidt,65,7090 Nicholas Mission Apt. 412,South Patriciaport,Arkansas,52776,-108.464150,-74.2362275
Corey Carter,33,35125 Christine Mews,Mooreburgh,Maryland,51125,-45.301847,86.2934705
Robert Stephenson,28,149 Bianca Drives,Stevenshire,Nevada,64897,-105.226841,79.7711585
Trevor Raymond,64,703 Randall Dam,Kingchester,Maine,44931,111.775747,-6.3883605
Angela Jackson,18,3545 Hart Motorway,South Justinstad,California,30523,171.028400,50.439674
Robin Gonzales,50,2011 Meyers Cove Suite 078,Thomastown,Illinois,23876,-149.615557,34.1533265
Dennis Kim,54,7375 Conway Station Suite 545,East Jason,Maryland,89836,106.025587,-84.746270
Jeffrey West,29,016 Jones Mission,Phillipmouth,Colorado,70995,-69.133906,-5.9797965
Lauren Kerr,20,8835 Travis Turnpike Apt. 332,West Erinmouth,Connecticut,40901,106.525071,-25.5503835
Joshua Ali,54,0315 Hubbard Station,Wilkinsonmouth,Arizona,09607,-138.864455,-32.2010065
Crystal Gallagher,29,356 Beth Ridges,Port Christopher,Michigan,76626,-153.423229,-48.4203155
Jason Holmes,52,179 Tammy Drive Apt. 636,Daleton,New Mexico,01977,67.053763,-58.0078745
Ashley Lynn,40,7577 Adam Hills Apt. 269,West Melindaside,South Dakota,07692,0.734034,-16.742877
Ashley Walsh,76,508 Laura Courts,Lake Patriciaburgh,Utah,25607,-141.173386,-4.1905915
Megan Cox,25,993 Willis Fort Apt. 153,New Devinbury,Wisconsin,84095,-162.165762,-55.6312285
Amy Fox,65,318 Jones Avenue,Lindseyview,Tennessee,85024,-60.776036,-32.378855
Nicholas Stewart,62,598 Myers Loop Suite 696,Walshton,New Mexico,12316,-7.715157,55.263187
Bianca Harrington,78,7219 Ian Trafficway,New Sydney,Connecticut,19144,-46.708713,59.308565
Russell Hall,59,77120 Harvey Station Apt. 016,Julieville,Florida,89288,66.072887,86.1808705
Bruce Sampson,70,534 Julie Mills,South Jamesburgh,Nevada,33192,-141.444202,79.293594
Dr. Robert Watts,64,2713 Wilson Mount,West Veronica,Hawaii,60484,-13.203620,-48.812533
Peter Davis,38,286 Dorsey Court Suite 051,Shannonchester,Hawaii,31780,-7.296087,56.5708835
Jeffrey Preston,60,89050 Davis Bridge Suite 949,West Christophermouth,Minnesota,92666,-68.941163,62.0451695
Pamela Chavez,72,2177 Martinez Squares Suite 261,Rebeccashire,Nebraska,50165,-124.915691,2.960698
Sean Wilson,23,7045 Teresa Plains,East Michaeltown,Delaware,96200,19.383358,64.6438225
Kim Ramos,50,01765 Natasha Viaduct Apt. 429,Port Josephfurt,Georgia,48333,54.370029,46.316572
Russell Tate,45,41281 Flores Trail Apt. 172,East Paulton,Nebraska,97123,-24.369772,-61.425131
Michelle Summers,41,2143 Mary Expressway Suite 176,Harrisfort,Idaho,65269,-166.177823,54.0040735
Jocelyn Burke,53,7875 Sharp Rapids,West Erinmouth,Texas,17839,-80.862504,-43.993638
Jonathan Myers,66,606 Torres Hill Apt. 221,Ashleeside,Nevada,19591,172.382795,-55.281997
Todd Clark,19,0651 Anthony Way,North Stephaniefort,Colorado,68014,-177.838650,36.249476
Kimberly Mueller,79,4967 Heather Path Apt. 829,Lake Patricia,Colorado,85023,-105.492790,70.5249655
Kristine Villanueva,77,009 Lopez Radial,Marcfort,Utah,89257,49.734693,18.920374
Toni Mercer,29,548 Marquez Falls Apt. 547,New Patrick,Connecticut,22084,-56.491670,89.123475
Julie Perkins MD,21,978 Wells Common,Emmamouth,Kentucky,40751,-65.922116,40.414881
John Barker,38,6115 Harris Light,West Jamesport,Iowa,32796,-31.205479,-8.2230545
Jennifer Gomez,63,789 Courtney Estates Suite 538,East Tonya,New Jersey,77545,-121.069768,8.487463
Heather Johnson,77,02840 Wayne Village Apt. 476,Ayalaburgh,Virginia,92300,-81.603615,0.0094315
Jeffrey Brown,57,688 Susan Pines Suite 250,Danieltown,California,11507,-74.967339,17.2530125
Michael Gallegos,65,191 Brennan Stream Suite 476,Michaeltown,Tennessee,16459,-50.358880,74.0165405
Timothy Lucero,57,9656 Burch Pines Suite 981,Pamelaland,California,34669,58.953109,61.0509265
Maria Edwards,79,67698 Laura Burg,South Leonardview,New Hampshire,48043,-61.469186,6.3953225
Kristina Wade,48,5545 Amy Isle,Buchananborough,Utah,87097,120.768490,72.5654375
Sherri Simmons,61,214 Mann Path Suite 702,South Corey,Massachusetts,16794,127.410683,88.852628
Heather Burke,19,5672 Gregory Locks Suite 496,Nataliemouth,Virginia,84541,-22.120591,-12.583251
Samantha Williams,58,1803 Moran Groves,Lake Lauraberg,Louisiana,54891,-110.970487,-26.7370865
Joshua Arroyo,26,4021 Alvarado Route,Lake Danielle,New Mexico,56228,-170.249070,61.0373085
Gary Cunningham,19,711 Jeffery Mountain Apt. 267,Port William,Arkansas,14780,-47.951084,5.7936455
Ariana Suarez,44,51921 Nash Burgs,North Aprilville,South Dakota,42967,-15.299732,-62.3450815
Andrew Ruiz,57,0208 Harper Coves Apt. 324,Rodriguezland,Rhode Island,75047,167.285338,-83.3353815
Jerry Bridges,21,3727 Steven Trail Apt. 013,Kevinton,South Carolina,15667,-158.250105,-24.0336285
Kelsey Torres,64,504 Mccarthy Via,North Mallory,South Carolina,54449,-165.729994,-80.9989695
Frank Mcdowell,45,426 Maldonado Courts Apt. 220,Lake Andrewtown,North Carolina,72830,50.258455,54.940053
Patricia Brooks,52,63352 Chad Cape,Lake Matthew,Montana,07882,-60.881948,30.667054
Timothy Estrada,56,6935 Taylor Burgs Suite 881,Carlsonland,Nevada,98648,95.658254,-62.681705
Todd Moore,26,52066 Rose Overpass Suite 101,South Davidhaven,Missouri,30288,-163.573368,73.1774715
Casey Martin,55,672 Ana Road Apt. 145,Port Johnville,Wyoming,11894,160.727546,77.5749455
Kimberly Perry,28,0587 Francis Pines,New Christopher,Arkansas,14398,64.053450,-38.974428
Richard Young,77,19755 Crawford Meadow,Port James,Arkansas,82270,-18.274064,70.368597
Angela Thompson,37,1237 Teresa Divide Suite 627,North Kenneth,Kansas,91493,155.950631,-15.863073
Christine Brewer,76,649 Barry Wells,North Shannon,North Carolina,74215,160.316566,19.7187025
Heather Spence,31,836 Turner Fork Suite 407,South Matthew,Louisiana,89888,3.077289,19.4413175
Angela Caldwell,71,861 Walls Lights,North Vanessa,Nevada,77753,141.632101,-59.0340655
Destiny Munoz,69,0362 Smith Keys,Evanmouth,Oregon,26670,-1.476395,-81.7589445
Ms. Erica Morales,48,731 Alvarado Prairie Suite 649,New Craigburgh,South Dakota,81401,19.519177,16.464988
Frances Hull,59,3368 Chan Bypass Apt. 827,Frostport,Michigan,83693,68.733646,-26.7999695
Jeanne Spencer,23,061 Jordan Orchard,Cindyville,Minnesota,47454,87.071610,-69.8732725
Johnathan Valenzuela,35,451 Brian Mountains,New Nicole,Kentucky,36792,-46.990687,-21.5545105
Connie Jones,38,1721 Rodney Loaf Suite 289,Kevinville,Alaska,56325,45.964303,-14.647406
Fred Sanchez,76,30020 William Groves Apt. 593,New Jeffreyland,New Jersey,18860,123.646441,-7.282119
Sierra Goodman,71,456 Eric Mills Suite 047,West Jeffreymouth,South Dakota,28033,-8.144261,67.8847635
Cathy Meadows,72,5391 Amber Parkways,North Michaelbury,Nevada,17498,54.387065,-21.2000945
John Leon,25,17495 Montgomery Stravenue,Skinnerberg,Texas,31383,-49.208189,-4.698115
Ronald Duncan,78,7903 Bolton Streets Suite 851,North Emily,West Virginia,24339,98.163121,78.134963
Rebecca Kramer,73,228 Gonzales Villages,Matthewborough,New Jersey,77909,143.834604,41.9877715
Elizabeth Frazier,78,6831 Mathew Divide,South Russell,Delaware,38333,-151.574528,5.0059295
Adam Stewart,80,264 Colleen Locks Suite 753,Bankstown,Kansas,82116,-158.650936,88.0120685
Sherri Lopez,29,79110 Sara Heights Suite 561,Moorefort,Nevada,91192,129.611787,-31.481325
Christopher Duran,61,64489 James Oval,Vargasmouth,West Virginia,60149,-164.516128,-53.9796775
Victoria English,59,02090 Oconnor Street,Richmondchester,Oregon,90154,82.408936,29.4643675
Christie Mcgee,47,62557 Brian Via,Hillview,Mississippi,84770,-141.540072,-64.9543895
Paul Hogan,79,121 Joan Hollow Suite 687,Phillipsmouth,South Carolina,34337,0.167665,35.6772235
Robert Valdez,21,7744 Nancy Skyway Apt. 185,Ianchester,Iowa,66413,153.945989,80.004064
John Kelly,66,39476 Kimberly Shore,South James,Alabama,28314,-162.600006,3.6398745
Deanna Watson,29,044 Suzanne Park Apt. 097,North Angela,Illinois,61432,150.324578,-4.7757455
Ronald King,68,1272 Newman Unions,North Williamland,Alabama,07614,-67.850175,35.742527
Brian Hernandez,65,47119 David Flats,South Amber,Illinois,89382,5.615344,49.9962595
Brenda Miller,28,9705 Misty Wells,Jodistad,New York,39872,39.742509,-75.879577
Christopher Quinn,19,6366 Medina Coves,West Johnny,Delaware,85769,-52.329217,-68.416232
Bryan Taylor,32,8846 Silva Extensions,Rubiochester,Michigan,44662,61.925506,-62.0747065
Daniel Torres,58,4835 Claire Turnpike Suite 546,Charlesfurt,Maryland,27232,121.572490,-11.5184405
Kristie Price,43,03388 Howard Ridge,West Rebecca,Kansas,70504,25.504541,6.5830405
Jamie Marshall,73,296 Debra Squares Apt. 437,North Robertfort,Tennessee,66246,136.020356,-16.327298
Derrick Vazquez,18,973 Kathryn Isle,Port Brendaton,Nevada,37289,120.248656,-28.581204
Justin Walker,36,755 Mitchell Lane,North Curtismouth,New Mexico,05449,169.748609,17.175663
Timothy Herrera,68,50434 Edward Ranch Suite 313,West Christopherburgh,Kansas,35277,151.243231,84.8574375
Kenneth Garza,36,51054 Craig Pine Apt. 792,Lake Michaelchester,Oklahoma,31980,-145.109215,-58.8095735
Michelle White,21,75041 Young Centers,Hallport,Ohio,90129,-74.784076,-12.1176815
Matthew Walker,71,34618 Miller Fields,Gibsonborough,New Mexico,33157,-56.659960,-53.7796485
William Gould,42,505 Young Mountains,Lake Michele,Illinois,39090,-130.523098,-25.3756915
Amanda Rosales,54,338 Jacob Run Suite 315,South Paul,Minnesota,83234,-151.888143,-11.553385
Tammy Cohen,66,19220 Davila Meadow,East Ryanburgh,Nevada,14000,-85.151058,-33.3201405
Jennifer Davis,37,06653 Robert Lock Suite 561,Danielton,Ohio,08182,-67.866508,73.7751635
Kendra Lee,77,632 Diane Burg Suite 594,Lake Nicolebury,New Mexico,46498,56.720552,89.157933
Jonathan Jackson,62,70478 Martin Extension Suite 644,New Austinport,West Virginia,05359,-14.973531,5.2684105
Jill Chen,65,860 Chris Freeway,New Melissafurt,Nevada,27728,57.061857,76.732913
Matthew Sullivan,42,900 Owens Circles Apt. 817,Michaelhaven,Virginia,23409,-55.987993,71.431494
Wendy Griffith,54,2972 Edwin Haven Suite 948,Johnmouth,Michigan,65539,120.605293,-49.231382
Audrey Brown,75,53359 Skinner Ridge,South Brittanystad,Kentucky,25604,2.967102,23.1821445
James Mendoza,60,613 Robert Green Apt. 364,South Kathleenstad,Wisconsin,71093,-77.409834,-16.5282295
James Morris,45,830 Cindy Ville,Annashire,Louisiana,46878,147.072552,-38.846339
Dylan Mcgee,28,26359 Gay Way Apt. 903,Moniqueville,Utah,96346,30.744029,-19.0454105
Robert Gonzalez,22,45616 Parker Mews,West Tammystad,Colorado,02277,-127.054309,-64.9447675
Kimberly Zavala,73,23092 Sarah Falls,Port Sabrina,Missouri,52891,131.630427,39.2932185
Jeffrey Jackson,18,1771 Cunningham Ports Suite 652,Thomasberg,Hawaii,71623,102.235093,26.2040045
Kimberly Reyes,37,42259 Patrick Mall,North Frederickside,Texas,28028,-162.003849,-20.770735
Seth Roth,18,8471 Jerry Mountain Suite 373,Powellfurt,Indiana,17102,142.459435,47.9582775
Richard Zuniga,70,66181 Andrew Hills Suite 794,Washingtonport,Missouri,55376,161.228584,-70.786570
Megan Dickson,34,66124 Murillo Station Apt. 339,West Laurie,Illinois,59023,-66.045823,63.3374005
John Pruitt,26,76266 Moore Bypass Suite 181,New Jason,Oklahoma,77746,174.910289,62.499213
Anna Lopez,63,17481 Martinez Spurs,East Wendychester,Oklahoma,65783,11.180120,39.8096325
Jacob Kim,32,258 Yu Skyway Apt. 710,Marshmouth,New York,11042,-39.545296,49.073236
Victoria Cox,30,13876 Burton Extensions,Rachelland,Indiana,60517,91.024005,-74.1512335
Angela Bolton,26,8950 Jackson Lake,New Leonardfurt,New Mexico,43211,104.301066,-65.1805755
Cynthia Rodgers,20,784 Robinson Junctions,Brandthaven,Wisconsin,69054,-162.475342,-73.942576
Christopher Torres,69,228 Sharon Port,West Vincentberg,Vermont,23606,-67.805616,73.2226825
Kristen Gilmore,65,10232 Mccann Extension,Lake Nathanielmouth,Colorado,29038,-30.326017,88.956749
Joseph Marks,29,464 Hall Squares,Donnafort,Kansas,36771,-133.775616,65.9073375
Johnny Fernandez,77,211 Hardy Inlet,Williamton,South Carolina,10382,-152.257830,57.339480
Kevin Hayes,67,41634 Jackson Island,Martinstad,Maryland,65070,-109.839231,-66.8357965
Jose Morales,60,61540 Flores Green Suite 006,North Bradley,Wyoming,24570,92.772250,28.661227
Heather Shaffer,39,20675 Newman Grove,Alvarezview,Wisconsin,13542,-9.185590,-27.010702
Samuel Thompson,64,5712 Peterson Mews Suite 946,Josephstad,Colorado,86532,-179.238097,-88.2800065
Larry Turner,34,2278 Jennifer Inlet Suite 032,Roblesbury,North Dakota,54841,0.238533,-7.575760
Andrea Huff,68,151 Miranda Squares,New James,North Dakota,33710,-102.409483,20.9680625
Brittany Anderson,41,9053 Nathaniel Manors,Meganstad,Indiana,27965,-46.153460,-24.8084175
Jason Thompson,60,37679 Elizabeth Mission,North Michael,Pennsylvania,96532,57.394091,77.302798
Julia Green,32,11340 Brian Run,Shawnside,West Virginia,30704,50.532558,77.686905
Joshua Riley Jr.,23,991 Jeremy Spur Suite 011,New Leahtown,Alaska,79236,-172.071746,-17.701552
James Bennett,43,710 James Shoals,Christinafurt,New Jersey,46944,-116.312669,-68.4892015
Michael Torres,20,615 Cordova Village,Shawtown,Nebraska,39323,-55.144087,75.365251
Autumn Morgan,47,1617 Jeffrey Meadow,Lake Ronaldmouth,South Dakota,88130,-143.184661,-33.740869
Edward Williams,64,8070 Smith Route Apt. 910,Susantown,Louisiana,12339,-106.906697,33.489984
John Watson,39,173 Sonya Fall,Port Dawnborough,Texas,58778,-107.447569,4.844847
Julie Adams,80,325 James Court Suite 773,Moralesview,Massachusetts,19187,123.930879,63.679161
Sophia Campbell,30,832 Charles Oval Suite 577,Wangchester,Iowa,77901,-175.077846,-85.565531
Dennis Benson,73,0267 Donald Light,Lake Michael,Alabama,72279,-88.051087,69.202523
Maria Taylor,38,54758 Deanna Lakes Apt. 236,West Kristen,Illinois,87227,24.561305,60.437796
Ryan Thomas,35,134 Chan Key Apt. 615,East Vickistad,Pennsylvania,71200,-161.431076,-10.5227095
Lindsey Miller,79,863 Garner Views,Brownfort,Nebraska,33205,-76.475200,-27.260138
Cindy George,41,73150 Hampton Summit,South Tom,Minnesota,49365,-114.719115,-29.117904
Grant Richardson,32,853 Brian Fort,Bobbyside,West Virginia,43451,-47.052917,-19.9984775
Bradley Myers,22,9547 Boyd Spur Apt. 904,Shawville,Virginia,67068,-41.948690,7.6248045
Jennifer Dominguez,80,97952 Murphy Locks Suite 218,Darrellside,Vermont,81356,-3.186243,66.489092
Julie Hansen,19,4093 Henry Shores Suite 570,West David,Missouri,04003,-178.447131,74.976370
Steven Mckinney,21,2332 Jones Canyon Apt. 814,East Markchester,Iowa,12856,33.707520,45.5966805
Timothy Olsen,58,82909 Justin Tunnel,New Alexis,Montana,78490,-147.195757,-59.3660525
Christine Castaneda,23,08581 Tim Trail,West Michaelland,Ohio,16199,-164.140967,35.991173
Anthony Powell,42,8751 Amy Island Suite 581,Bryanberg,South Dakota,77793,140.414870,61.9638475
Timothy Miller,56,79077 Hannah Pass Suite 787,New Richard,New Jersey,22380,-51.660796,76.863956
Danny Vasquez,66,53341 Wise Port Apt. 601,East Christopherland,Kentucky,44173,-12.431817,-73.424980
Terry Wright,33,86019 Raymond Walks,Rachelland,Kentucky,08926,-16.574167,26.4840345
Catherine Patel,57,50490 Little Ramp,South Raymondview,Oklahoma,87403,5.152134,-31.8261865
Sherry Watson,55,4626 Tina Haven,Sampsonmouth,West Virginia,21085,-145.442300,86.2227505
Ashley Russell,41,364 Jones Oval Suite 925,West Frank,Alabama,13019,-99.566321,-87.5474595
Chris Jones,74,3102 Patrick Heights,North Tammy,Ohio,97533,121.227485,38.421620
Willie Nelson,53,9574 David Causeway,North Christina,Montana,43052,56.715291,89.515227
Ethan Mcdonald,47,0513 Garcia Forks,East Mark,Connecticut,78760,2.619194,-51.2085195
April Knight,46,2186 Cheryl Lights,Thompsonton,New Mexico,38219,177.284340,-19.781320
Mrs. Holly Hernandez,61,242 Scott Lane,South Cheryl,West Virginia,87885,-163.985752,-76.568051
Emma Foster,40,317 Jamie Canyon Apt. 447,Johnfurt,Arkansas,67815,-83.447166,31.1949995
Michelle Lopez,44,6494 Mario Cove,West Robert,Nebraska,50848,156.438091,-12.155172
Kyle Lowery,42,624 Harvey Island,Lauramouth,Alaska,67541,146.877508,-57.559085
Christopher Allen,43,560 Mcclure Road,Michaelshire,Delaware,09299,-165.591146,-58.5138715
Steven Lawrence,19,158 Tina Fork,Bernardville,Kentucky,34134,159.407627,-89.808200
Scott Nelson,41,418 Theresa Ways,Allenfurt,Mississippi,52495,140.467054,25.7652065
Kevin Potter,38,0906 Cheryl Vista Apt. 352,Scotthaven,Georgia,20524,59.550022,-2.009861
Kristin Valenzuela,55,013 William Estate Suite 018,Maryburgh,California,06664,87.269938,76.6577055
Maurice Thompson,25,48923 Ricky Turnpike Suite 334,Kristenmouth,Wisconsin,96145,159.059466,-78.733108
Elizabeth Mcgee,27,507 Thompson Parkways Suite 227,Port Tiffany,Maine,61858,130.978724,8.666617
James Pena,28,722 Sarah Park,South Daniel,Maryland,68406,-143.478738,-4.310691
Kendra Scott,47,934 Jones Knoll,East Davidfort,Kentucky,56879,69.763318,-49.6851765
Alan Newman,21,644 Armstrong Mountain Apt. 539,Dunnmouth,Indiana,06923,40.774424,57.087339
Mark Franklin,32,746 Brennan Lock Apt. 603,Maddenburgh,Georgia,86188,68.668109,-42.377162
Judith Richmond,25,367 Zavala Village Suite 534,Willisport,Colorado,69266,-58.701529,16.4604105
Ronnie Sutton,23,7029 Jennifer Stravenue Suite 046,Lake Amandachester,Vermont,02293,-80.908666,-66.2745885
Zachary Woods,61,5625 Jones Pass,Lake John,Washington,44307,-166.041232,-69.985868
Michael Stevens,59,903 Gabriel Valleys,Donaldborough,Mississippi,98497,-17.198708,-88.321684
Erica Price,40,4104 Maddox Branch,Port Molly,North Dakota,37922,-37.222765,56.2061195
Nicole Ryan,52,14161 Davis Lake Suite 534,West Emilystad,Tennessee,20278,-151.457839,-73.382184
Christian Chang,56,534 Medina Port,West Carolineberg,Nebraska,32490,-44.497140,-61.662655
Aaron Andersen,52,245 Evelyn Mountain Suite 681,Deleontown,South Carolina,11114,-133.560599,-86.944575
Jennifer Zimmerman,63,18742 Kelsey Isle Apt. 096,Chenmouth,Kentucky,44114,91.547164,-12.6360695
Heidi Armstrong,20,25057 Daniel Village,Lake Darrellfort,Washington,46635,-132.022627,-6.129291
Christina Salinas,35,490 Watson Point Suite 278,Boltonmouth,Alabama,15800,-146.286415,-19.5903645
Andrea Cunningham,58,388 Alexander Plain Suite 527,Jenniferburgh,Vermont,56211,-170.144029,-29.7911445
John Ellis,56,475 David Camp,East Lindseyville,Pennsylvania,47160,-172.976651,28.1784555
Mr. John Johnson,51,86711 Holmes Knolls,Lake Angelaport,Georgia,38623,26.078865,20.3164295
Veronica Brown,26,53429 Robinson Motorway Apt. 415,Bakerton,Alabama,06552,-34.923937,77.430706
Eric Jones,31,756 Ricardo Meadows Apt. 575,North Julieville,New York,60543,119.358754,10.648796
Vincent Clark,37,346 Gabrielle Manor Apt. 923,Angelaborough,Illinois,55603,-8.388352,24.832374
Lisa Charles,61,8642 Rick Trafficway,Robertsonville,Vermont,02628,122.871010,56.714228
Michael Riley,30,169 Antonio Divide Apt. 392,Rodneyland,Kentucky,93639,-53.631501,76.7551015
Amber Mendoza,59,444 Burch Turnpike,Hensonland,Rhode Island,93612,-25.716605,23.578202
Victoria Curtis,35,03218 Welch Pines,North Michaelview,Alaska,04393,-164.403456,-45.611230
Dr. Nicholas Johnson,63,7436 Reid Causeway,Diazton,Oregon,83840,-35.271968,21.734385
Jasmine Castro,41,863 Bond Club Suite 299,West Reneeside,Arizona,64617,12.202431,-13.581946
Sherry Jimenez,30,62060 Lucas Branch,South Andreamouth,Indiana,45483,77.418984,-71.7601235
Brittany Snow,40,40772 Chapman Lane Apt. 464,Port Annetteton,Wyoming,88641,129.620025,37.4786045
Jonathan Clay,38,939 Mercer Club Suite 789,Rogerstown,Alabama,16757,-26.885759,-89.1361585
Matthew Johnson,21,375 Katherine Inlet Apt. 114,Cooperton,Vermont,86769,-29.128361,-74.069818
Wendy White,38,312 Hunter Pike Apt. 182,North Phillipport,Pennsylvania,93288,-24.473989,49.8515915
Debra Carter,64,75222 Wright Manor,Johnside,New York,39560,121.787298,77.494616
Corey Mcguire,45,86704 Jones Key,Rangelhaven,Mississippi,73403,-15.713857,65.2862035
Jeffrey Ramirez DDS,38,114 Kathryn Avenue,Lake Kevin,Maryland,13413,-168.755737,-70.014022
Mary Cox,78,649 Rubio Lane,Cartertown,Alabama,24788,-45.528992,45.7434405
Holly Collins,62,33636 Sarah Island Apt. 266,Port Jacobland,Delaware,76650,-91.461764,-57.278950
Bryan Watson,60,638 Roberts Bypass,Oliviaburgh,South Carolina,36305,17.832811,73.461350
Alexander Gutierrez,79,597 Ashley Hollow Apt. 127,East Mariaport,California,76618,138.894147,-79.9088495
Tammy Powers,64,1606 Morrison Port Apt. 599,Williamsport,Alaska,83802,20.275305,69.6424945
David Price,31,43402 Burke Street Suite 190,West Robinberg,Utah,16396,-15.543735,49.717597
Brandy Welch,42,4894 Taylor Forest Apt. 458,Kimberlymouth,Rhode Island,73744,8.468497,38.273238
Ashley Pierce,18,45651 Jared Squares Apt. 938,Port Christianshire,Missouri,90150,153.599772,-32.523421
Susan Martinez,20,52585 Brandon Mall Apt. 726,Jessicaport,Iowa,37155,83.913350,74.6193175
Jamie Stevenson,42,874 Aaron Prairie,Shawnburgh,Mississippi,57591,-117.876363,15.6432705
Michael Tate,38,86859 Lawrence Island,Brownchester,Alaska,88004,36.801728,42.616146
Tina Kelly,73,6892 Kiara Crossing,Jonathanfort,North Carolina,81330,-147.518177,47.185803
Lisa James,20,26120 Gallegos Mills,North Samantha,California,23708,88.502801,0.697063
Brandy Knight,43,305 Paul Expressway,Barrerachester,Utah,11609,139.028827,-41.058792
Samantha Santiago,79,77225 Lauren Ranch Suite 092,Wilkersonhaven,Delaware,88403,152.900304,72.586109
Brian Martinez,18,23871 Conway Dam Suite 393,Farmerburgh,Virginia,29346,175.645795,28.9426315
Brent Wheeler,24,3853 James Parks Apt. 414,South Dustin,Alabama,09800,-1.996328,-43.846897
Julia Serrano,31,045 Sherri Squares Suite 856,New Dianestad,Pennsylvania,27984,-37.241272,21.8410815
Dan Deleon,73,24260 Robinson Views Apt. 677,Kurtland,New Hampshire,62658,-156.723353,-67.1225245
Matthew Parker II,52,93295 Derek Cape Suite 983,Austinland,Massachusetts,57252,-7.989566,-35.9198925
Julia Smith,33,187 Harris Overpass,Port Kellymouth,Montana,98013,32.535982,-1.528319
Robert Ramirez,61,52550 Griffin Creek Suite 451,Mcgrathmouth,Idaho,75189,-11.095429,49.3257895
Michael Long,72,340 Howard Road Apt. 322,South David,New Hampshire,29652,-21.055359,9.629119
John Nelson,24,6230 Harris Neck Suite 954,North Stephenland,Kansas,57642,23.719203,-48.330541
Summer Jacobson,76,08852 Solis Mall,Bergchester,Pennsylvania,16897,8.442341,55.8748205
Angela Mcneil,59,4270 Patricia Oval Apt. 954,East Melissaberg,Vermont,92708,-76.189462,20.6432465
Bryan Howell,33,5996 Klein Glen,Port Kelliechester,North Dakota,36733,36.231877,83.0714665
Yvonne Mccormick,23,7157 Ramos Shores Apt. 265,Moonchester,Missouri,83742,-58.105450,41.639011
Erica Nelson,35,98583 Davis Ferry,Lake Jessica,North Carolina,97330,71.708091,-49.2469835
Thomas Perez,38,4163 Ashley Glens,Jensenfort,Massachusetts,92413,-179.330376,-15.1342945
Brandon Everett,20,514 Shannon Haven Apt. 308,New Tara,Wyoming,08984,168.966914,62.2681505
Donald Perry,31,14419 Raymond Prairie,Davidside,Montana,21572,-48.540107,-28.415432
Tami Garrett,65,801 Victoria Ville Apt. 886,West Kimberly,California,13716,-74.564969,-74.7651405
Roy Mcdonald,28,44851 Brewer Trail,South Matthew,California,89219,82.757587,-3.569218
Jaime Garcia,39,675 Bishop Plain,Port Tonya,Tennessee,80945,-63.773788,-69.556307
Ashley Blanchard,41,09081 Dunn Lake Suite 327,East James,Pennsylvania,06125,115.709408,-88.519981
Gene Watson,59,81498 Choi Wall,Andreatown,Wisconsin,14474,92.877951,-49.7102345
Kimberly Smith,62,201 Nolan Pine,Mcneilport,Tennessee,96169,149.718042,-61.450197
Holly Mitchell,72,6075 Moore Manors Suite 443,Whiteland,Massachusetts,40570,-130.158084,64.6406115
Justin Hudson,76,6531 Potter Vista,Baldwinmouth,Rhode Island,87648,-93.215868,-80.9930425
Andrew Lee,20,8873 Holly Ridges,Strongport,New York,39771,153.439922,75.992755
Robert Shepherd,48,615 Koch Stravenue,North Robertfurt,Massachusetts,13375,137.826440,-35.4177875
Hector Alexander,30,0186 Veronica Island,Lake Heather,Maine,87091,-108.851243,83.9372265
Thomas Powell,37,0380 Johnson Path,South Derrickburgh,Texas,66473,-91.255947,70.5077655
Hannah Mckee,71,92157 Faulkner Rue Apt. 713,Sylvialand,Missouri,80257,-100.361034,-77.323401
Jessica Mueller,59,702 Sandoval Coves,Cooleystad,New York,08145,-149.840748,-64.270881
David Grant,39,859 Mackenzie Village,Susanchester,Washington,18143,-93.302171,81.2895075
Carolyn Rodriguez,59,77167 Martin Stream,Derrickberg,Mississippi,15438,140.644794,-56.3876405
Luke Fletcher,70,2207 Katelyn Plains,Jonesside,Nevada,50286,85.853678,35.466688
Mary Lang,45,77493 Donald Cape,Lake Dwayne,Indiana,69940,138.322026,24.288335
Matthew King,68,077 Valenzuela Causeway Suite 590,North Jodi,Rhode Island,24620,60.147594,58.281734
Laura Hamilton,38,057 Dillon Street,Jenniferbury,Florida,91075,-55.402482,-16.5198425
Robert Thomas,52,760 Morgan Vista Apt. 620,Port Jenniferburgh,Arizona,11453,-39.995884,-71.7440545
Sarah Luna,38,990 Heather Summit Apt. 376,South Ericborough,Hawaii,09875,52.724273,-42.165499
Tony Peck,56,377 Washington Flats,Priscillamouth,Alaska,42164,167.945830,-56.582058
Shane Bradley,57,778 Robert Alley,West Thomaschester,Virginia,25314,164.007115,-56.719053
Martin Collins,66,810 Julie Extensions,Kathleenfurt,Virginia,36181,-19.689806,2.1628405
Pamela Green,69,533 Sparks Dale,Johnsonberg,New York,42833,-120.610960,-80.021044
Ashley Meyer,24,45150 Vanessa Mission,Howellshire,Alabama,38716,30.611977,-39.356947
Michele Ray,49,3680 Callahan Brook Apt. 282,New Lisamouth,Nebraska,17352,-157.688883,51.9812925
Patricia Harrison,50,0160 Mitchell Run,West Stevenmouth,Massachusetts,26896,50.022141,-32.530695
Alyssa Lewis,64,0809 Chan Meadows Apt. 727,Torresview,Nevada,51428,36.777788,-15.931614
Roger Kline,28,3243 Tucker Drive Suite 076,Stoneville,Minnesota,61871,164.957662,4.623686
Mary Johnson,28,6651 Estrada Ford Suite 478,New Matthew,Texas,05164,-25.385861,84.6143965
Anthony Anderson,80,9858 Miller Forges Apt. 010,New Danielle,Hawaii,96448,-1.912253,-15.7101145
Thomas Johnson,76,7185 Madden Cliff Suite 234,New Melissabury,Arizona,88842,56.274036,82.0880855
Stephanie Stewart,51,42747 Ryan Terrace Apt. 644,Lake Fernandobury,Idaho,26925,-141.563738,10.7642435
Sarah Crawford,80,2331 Crystal Flats,Michaelfort,Wisconsin,73941,173.364183,-37.2666845
Rebecca Townsend,52,16468 Allison Cliffs Suite 282,West Monicaberg,Pennsylvania,91971,62.577990,1.3369375
Kimberly Snyder MD,20,1055 Pena Street,Vincenttown,Kansas,87344,-66.292322,85.884467
Devin Baker,62,5441 Lisa Villages,New Thomas,Arkansas,83321,-74.840961,-48.574452
Thomas Martin,74,02824 Snyder Island Suite 520,Lake Christy,North Carolina,90058,-139.021472,73.850685
Rebecca Russell,40,0533 Jack Lake,Romeroville,New York,61232,-121.996732,-32.7894155
Morgan Cooper,50,66872 Dennis Turnpike Apt. 200,Deborahtown,New York,50282,61.497333,-15.891548
Robert Juarez,68,1062 Duncan Meadows Suite 952,Rodriguezton,Mississippi,75954,76.948656,-51.660550
Lori Vega,46,4833 Perkins Tunnel,Johnsonstad,Nevada,74513,-128.831054,-89.267721
David Buchanan,42,12581 Alexander Manor Suite 023,North Monica,Hawaii,28148,26.294935,-56.4562245
Cindy Carter,20,04115 David Spurs,Port Darrellport,Iowa,56560,74.676155,71.0320595
Jonathan Lee,23,830 Renee Road Suite 633,Hicksshire,North Carolina,98383,-73.017585,-21.026131
Emily Johnson,60,0320 Mccormick Fort,Lake Henryport,New Hampshire,02442,-121.000171,21.2165745
Trevor Simpson,49,98011 Stephen Extension Apt. 459,South Michael,Pennsylvania,62641,102.510495,-50.922691
Michele Holt,29,737 Chris Isle Suite 605,New Emilyland,South Carolina,17879,107.857183,-80.8177465
Brian Duran,56,67831 Douglas Island Suite 987,New William,Delaware,63322,-6.738873,81.667676
Paul Gardner,61,44185 Cross Mount Apt. 341,Samanthaside,Kansas,19517,68.253288,22.108719
Laura Larson,44,1477 Leonard Village,Mcbrideland,Oklahoma,72558,-31.820837,-77.842451
Dana Roy,24,4920 Peter Overpass Apt. 474,Brentfurt,Oklahoma,11531,104.009672,26.3591315
Christopher Berry,49,3418 Sanford Crescent Apt. 923,New Bryanberg,Texas,49040,26.825801,16.593450
Matthew Ortiz,79,19195 James Groves,Georgehaven,Idaho,04333,73.438894,8.477378
Anne Powell,74,679 Jacob Lodge,Monicaborough,Illinois,42239,-97.454362,55.1315295
Tammy Diaz,34,837 Michael Burg,West Elizabethhaven,Missouri,33284,-71.522620,-84.234470
James Jones,56,537 Smith Vista,Noahmouth,Ohio,91895,76.674105,42.626965
Lauren Smith,42,776 Wong Roads Suite 261,Port Kennethstad,Kentucky,17312,-77.697061,9.2243405
Diana Chavez,53,89222 Connor Radial Suite 067,Susanchester,Massachusetts,84241,-9.904522,-66.044063
Micheal Patel,52,784 Davis Stravenue Apt. 488,West Mark,Ohio,62599,28.931390,9.7049365
Jonathan Fisher,19,104 Christina Drive Apt. 601,West Susantown,Alabama,42732,-93.281036,50.942824
Crystal Craig,74,44430 Nicole Station Suite 162,Nicolestad,Colorado,26838,-129.818755,20.945531
Ashley Ryan,77,81676 Joseph Meadows,Ruizchester,Wyoming,35314,-168.658440,27.219210
John Ochoa,20,632 Hernandez Passage Apt. 070,Ashleyville,Alaska,53185,54.059448,6.328715
Stephen Miller,26,23528 Rita Shoal Apt. 808,Fletcherburgh,Washington,58612,-7.961144,-35.043486
Dakota Edwards,34,795 Heather Common Apt. 012,Caintown,Mississippi,51806,100.253258,-74.5627265
Shane Marshall,31,3973 Watkins Lodge Suite 685,Laraberg,North Dakota,40778,-157.486462,-57.581981
Craig Graves,66,2898 Miller Stravenue,Hendersonbury,Georgia,27945,32.910042,-36.0265305
Ryan Anderson,59,1367 Louis Cliffs Apt. 341,West Garyborough,North Dakota,00903,93.165073,43.5662085
Darlene Gaines,68,801 Cohen Route,Wrightstad,Georgia,26857,178.127828,83.417407
Robert Le,38,588 Lewis Village Suite 406,Berrymouth,Louisiana,91878,-23.701178,-85.8779295
Rebecca Rios,56,15576 Lisa Extensions,Davisfurt,Iowa,16524,175.973272,-32.6465305
Michael Macias,34,865 Victoria Place Apt. 923,East Brendan,Oklahoma,86100,36.016057,-53.556412
Jacob Cook,49,2661 Michael Parkway,Port Jennifer,Minnesota,89631,-63.681447,-13.6574905
Stacey Evans,76,8948 Haley Village Suite 871,Kristinahaven,Ohio,40142,12.606490,-36.351185
Thomas Mckenzie,53,5911 David Rue Apt. 741,Bennettville,Georgia,89975,92.949315,19.5608045
Andrea Perez,77,6921 Robert Island,West William,Tennessee,22364,85.516384,16.539837
Tracy Sanchez,69,09927 Katherine Dam Apt. 716,New Andrewberg,Arkansas,46734,-95.155777,34.770975
Robert Matthews,23,9068 Middleton Lock,Michaelland,Wisconsin,13605,-39.989535,23.2484195
Julia Schmidt,18,4526 Figueroa Stravenue Suite 414,New Emily,Oklahoma,98368,2.009650,52.3098575
Charles Olsen,64,04362 Michael Streets,Ramosland,Wisconsin,23663,-32.610315,38.3342035
Sandy Fischer,69,653 Kline Stravenue Suite 348,West Meganton,North Dakota,55129,110.906641,11.795753
Brandon Adams,24,9123 Harris Locks Apt. 278,Kristenfort,New York,48642,-61.516909,47.841237
Robert Francis,39,6692 Colon Mount,Laurachester,Kansas,64355,70.394865,37.6776375
Ricky Landry,73,883 Mack Fork,Robertside,Arizona,68506,-4.438478,-10.6337795
Ian Collins,80,57705 Sarah Walk Apt. 250,New Sean,Michigan,14849,113.684179,73.1507545
Rose Brown,78,31046 Buckley Pass,East Carrieshire,Pennsylvania,31520,36.705550,12.061125
Anna Strickland,34,673 Walker Spring Apt. 109,Lucasland,Montana,54538,-110.203668,67.4059095
Melissa Campbell,37,72152 Cook Court Suite 888,Port Robertberg,Ohio,29483,149.546235,-33.040537
Vincent Ray,66,05370 Kathy Terrace,Barryfurt,South Dakota,17138,151.889160,73.8673065
Elizabeth Lewis,35,2862 Roberts Center,Jamesfort,Virginia,29465,-177.979682,-79.187113
Christine Green,50,90426 Joshua Hill,Amberchester,West Virginia,11107,-143.234901,-67.874288
Catherine Pittman,80,048 Angela Points,Lake Richardberg,Kansas,88785,-116.959651,-20.9967085
Brian Garrett,54,0394 Butler Avenue,West Paulfurt,Alaska,60611,-156.390771,-21.463277
Christina May MD,54,83062 Erica Junction Apt. 300,Nicholasberg,Kansas,21578,137.909955,-88.7078145
Jessica Jones,39,7658 Holder View,South Scottbury,West Virginia,96693,114.843371,-78.4810305
Megan Bates,78,1165 Richard Drives,North Rebecca,North Carolina,67340,59.978625,-48.952368
Sarah Davis,33,156 Catherine Hill,New Jennifertown,Indiana,16215,132.220333,2.3970575
Clarence Villarreal,74,4286 Allison Ridges,North Philip,Kansas,99071,90.697878,-76.293234
Pamela Gill,77,04758 Douglas Camp Apt. 404,Lake Aaron,Mississippi,06347,-132.056117,82.136182
Jaime Hayes,19,19160 Heather Tunnel,East Alexandrafurt,West Virginia,18544,-126.161609,63.732381
William Garza,22,34183 Stevens Cape Apt. 510,Kathryntown,Indiana,08912,-84.807177,-89.3577205
Katie Case,80,30538 Traci Meadows Suite 934,Bowmanberg,Pennsylvania,64737,-137.232503,-31.7768725
Catherine Jackson,66,7635 Jensen Fords Suite 402,Jacquelinestad,Delaware,50438,152.154806,40.6316925
Douglas Guerrero,19,0381 Gonzales Square,Lake Alexa,Indiana,20344,114.451353,-52.9324205
Luke Combs,41,17769 Patterson Drive Apt. 758,Port Kristystad,Colorado,23754,-6.931556,-75.2421455
Michael Weber,35,3502 Parks Groves Apt. 450,East Bradyside,Indiana,34360,-87.664683,-68.487244
Adam Myers,31,56652 Timothy Divide,South Melinda,North Carolina,30571,9.682039,75.849224
Derrick Klein,51,8151 Thomas Parks Apt. 333,Jeffreybury,Tennessee,63855,-141.906231,71.4596335
Mark Mccarthy,70,79983 Angela Springs Apt. 266,Smithton,Maryland,70126,-28.810747,21.054298
Paige Brown,57,56686 Michael Mountain Apt. 900,West Nancy,Nebraska,68701,-39.779302,0.313999
Mr. Daniel Heath DDS,19,0260 Rivers Keys Suite 642,East Samantha,Indiana,02794,38.511190,26.098084
Timothy Gross,65,831 William Mall,Berryshire,Alaska,86063,-152.281903,60.593608
Kelly Riley,49,43457 Jacob Hills,East Whitneyhaven,Louisiana,05526,-51.432180,87.720763
Tonya Sanchez,72,281 Wright Bypass Suite 906,Kevinborough,California,37332,-79.044666,19.4948215
Seth Jacobs,58,453 Taylor Shoal Suite 405,West Victoria,Maine,48536,-8.237034,-39.2449365
Angela Hunter,35,04547 Johnson Creek Apt. 102,North Angelville,Arkansas,22006,124.862779,62.2389735
Caleb Gomez,47,07912 Wise Mall,Port Patrick,New York,02106,-123.813068,-18.498911
Dr. Karen Patterson,31,092 Daniel Falls,Huberborough,North Carolina,70405,101.045162,48.920995
Donna Cox,36,08259 Larsen Plaza,Gonzalezchester,Virginia,21279,-99.494102,12.0063945
Christopher Thomas,41,40966 Navarro Corner Suite 766,North Deborah,North Dakota,91873,-34.789427,85.751313
Sally Clarke,49,67913 Richard Plains Suite 081,West Zachary,Mississippi,89770,63.090987,-4.507909
Eric Odom,39,9459 Martinez Key,East Brandonshire,Montana,77407,-93.933597,13.8631305
Joseph Pennington,61,0970 Aaron Road Apt. 370,Montesport,New Mexico,99784,-166.760787,28.205313
Jessica Key,53,5881 Davis Road,Port Calvin,Iowa,73459,-32.708217,-77.6356295
Elizabeth Jones,46,8584 Branch Expressway,Hartbury,New Jersey,71468,-148.123688,-79.6633775
Mr. Phillip Bryan PhD,64,559 Adams Court,West Douglas,Oregon,70094,-171.269892,59.2880655
Lawrence Rocha,60,4962 Monica Loaf,Tylerland,Kentucky,28188,-136.303625,-5.2514895
Anthony Roberts,78,5289 Julie Plaza,North Erika,Rhode Island,91750,-17.475305,-53.981270
Calvin Mercado,62,93633 Mullen Tunnel,East Tonya,New Hampshire,63468,73.597531,-11.420214
Dwayne Strickland,36,261 Burton Islands,Cassiestad,Georgia,45384,81.552536,-26.0592335
Jennifer Frank,26,20046 Justin Inlet,Owenstown,Alabama,58200,-28.498986,-61.7479305
Yvonne Wagner,37,3434 Megan Pass Apt. 835,Davisville,Mississippi,35096,-88.930497,32.066985
Sheri Green,64,69408 Anthony Estates Apt. 774,Port Michelleland,Idaho,55603,-84.886014,45.875764
Thomas Campbell,69,290 Joyce Inlet,Mitchellfort,Iowa,54062,-67.431731,53.136070
Alicia Adams,42,4127 Melinda Gardens Suite 016,Thompsonburgh,Massachusetts,07977,166.711159,-43.7724105
Brian Lewis,34,33479 Taylor Mall Apt. 013,Benjaminshire,Iowa,82675,-148.726316,46.285653
Maureen Valencia,30,75247 Schmitt Avenue,Antoniomouth,Alabama,22005,-177.393790,-58.1274795
Jeffrey Carter,65,345 James Village Apt. 745,North Heidiborough,Nebraska,17080,152.537203,-10.8306225
Susan Soto,72,770 Joyce Shoals,Lindseyland,Connecticut,76317,-44.470733,19.7805025
Eric Rocha,29,89519 Andrews Plains,Morganville,Oregon,14203,-117.019813,-24.275210
Vincent Martinez,38,812 Michael Fort,West Saraborough,California,40471,-43.256929,58.1154465
Eric Bird,62,34353 Bowman Gardens,Jessicamouth,New York,39079,-170.858774,-1.2702925
William Morgan,59,555 Allison Wall,South Robert,Idaho,65163,-57.103134,-36.3444265
Michael Hodges,71,27274 Miller Falls Suite 307,North Alyssa,Hawaii,97443,23.021735,24.9552445
Jeremy Smith,21,19799 Jared Cliff Suite 525,West Rebekah,Pennsylvania,76338,51.074202,70.5813735
Keith Griffin,76,1328 Troy Causeway,West Robert,Connecticut,90962,-30.879166,52.655932
Michelle Page,34,66584 Rebecca Meadows Apt. 555,West Jacquelinemouth,Arkansas,30064,5.332661,-67.6071405
Alyssa Garcia,41,1111 Willie Fork Apt. 374,Gregoryhaven,Wisconsin,24196,89.052463,81.8308355
Christy Henderson,22,27409 Russell Lake Suite 260,Walkerstad,Maryland,09518,47.672499,17.3135905
Chelsea Rodriguez,20,4641 Thomas Land Apt. 256,New Ricky,Arkansas,55149,20.278809,-79.4359545
Andre Church,37,31595 Palmer Divide Apt. 563,Kristinaton,California,30253,-118.697798,-24.1506185
Brittany Gonzalez,59,6258 Stone Causeway,Caitlinmouth,Louisiana,22869,-15.942164,-1.7812435
Melanie Rodriguez,70,8808 Teresa Loop,Carolynfort,Arizona,59969,-96.036061,10.320573
Derrick Leon,61,5187 Smith Keys,New Kristyfort,Florida,07156,-78.832295,-34.056593
Kristen Vincent,60,57019 Wilson Forge,West Leslie,Alabama,54883,-50.115047,74.0492815
Tiffany Mcbride,41,039 Ethan Street Suite 833,Port Davidborough,Montana,19198,-3.409760,-11.271004
Stephanie Morrow,63,25616 Ricardo Mountains Suite 467,Rubenville,Louisiana,04080,-75.764953,-12.1408165
Jessica Young,63,33036 Bailey Ridge Apt. 538,Jamesmouth,Nevada,66718,-29.895236,-1.0611565
Robert Miller,74,413 Dunlap Mission Suite 617,Jeremiahmouth,Colorado,82102,-173.743341,-42.086587
Kim Howell,44,758 William Curve Suite 250,East Darryl,Rhode Island,80088,-56.901028,-46.287604
Melvin Cain,23,0889 Ramsey Roads Apt. 687,Markport,Alabama,09608,29.725665,66.840221
John Brown,39,8310 Jennifer Village,Sarahmouth,Rhode Island,54452,-171.006739,-40.6430115
Jennifer Hurley,59,36591 Hayes Club,Janeton,Arizona,01829,141.854209,49.959035
Daniel Johnson,64,4369 Smith Falls Apt. 507,North Daniel,Tennessee,59937,-115.969198,-41.3259195
Michael Greer,57,51704 Monica Cape Suite 209,South Sarahmouth,Hawaii,88460,-178.033403,65.931995
Chloe Odom,20,4948 John Trafficway Suite 384,North Scott,Alaska,40019,-39.783570,-14.8376135
Mary Fischer,36,77773 Samuel Port Suite 730,Lake Brandonshire,Florida,91156,-127.828587,-14.2587995
Rebecca Dillon,49,56838 Allison Well,Port Roseview,Kansas,43841,-144.292478,-51.6057905
Joseph Larson,47,80008 Craig Greens,Louiston,Michigan,40018,95.312636,50.9247775
Samuel Hammond,42,39918 Ferguson Cape,East Karen,California,70734,164.770469,-30.5988875
Tim Hernandez,59,61990 Thomas Knolls Suite 831,Lovemouth,Pennsylvania,05429,43.613162,-56.1208595
Leslie Strickland,18,0899 Stacy Isle,Williamport,Alaska,90320,-1.732130,53.0273855
Alex Whitaker,58,72389 Boyle Oval,Reedborough,New York,77445,-125.651528,-51.172423
Gabrielle Cummings,60,35092 Matthew Island,Cortezport,Arkansas,81475,-136.122832,-74.102220
Peter Williams,69,10146 Snyder Causeway,New Kimberlyside,Connecticut,42805,36.809774,34.0609235
Michael Blevins,77,5496 Collins Lock,Bruceside,Georgia,98782,-9.530640,14.322117
David Shepard,62,23699 Bradley Ferry,West Jamie,West Virginia,01048,-144.066705,-64.2762455
April Brown,74,07380 Cook Fork Suite 951,West Lisafurt,North Carolina,86550,-157.214829,74.024829
Melissa Ferguson,74,0501 Jones Pike Apt. 662,North Phillipshire,Delaware,78476,102.562985,68.7245715
Brian Thomas,32,905 Thomas Plains Suite 373,Campbellview,New Mexico,75753,-72.096949,-23.6461515
Betty Yu,24,0072 Dickerson Forges,North Kevinborough,North Carolina,88575,-145.956900,29.0413575
Maria Rivera,63,0330 John Manor,South Alexis,Pennsylvania,45719,-57.110945,30.518277
Carol Cardenas,64,98640 Cynthia Hills,North Logantown,Hawaii,57419,-53.885471,55.242811
Kathy Collins,71,59875 Travis Ports Suite 072,Lake Jenniferfurt,Oregon,43556,31.881103,-89.7639265
Mark Farrell,21,7622 Evans Highway Apt. 305,West Michaelbury,California,10335,-103.412296,74.1832625
Amanda Matthews,65,59583 Richard Mills,West Brandy,Connecticut,80363,-157.136025,75.878945
James Jones,28,8614 Ronald Isle Apt. 874,New Evan,New Mexico,86491,-130.482812,-77.7434315
Samuel Davis,38,4324 Monica Hollow,Taylorborough,Minnesota,98547,160.716829,-26.227235
Michael Jones,24,6366 Garcia Pines Apt. 057,West Territown,Georgia,71503,-159.721320,35.4605945
Jennifer Lewis,48,39946 Jamie Summit,East Paula,Maryland,65831,-58.703957,-37.726260
Danielle Wilson,62,8254 John Court Apt. 210,Lorimouth,Louisiana,65824,144.656632,-88.060130
Donald Long,44,2033 Cooper Ferry Suite 570,West Hannah,Washington,40504,122.761610,9.822919
Jessica Santiago,42,2710 Megan Lake,Fuentesview,Utah,07812,6.488879,-52.769743
Elaine Williams,59,154 Christopher Pass,Leefort,Connecticut,15164,-71.300968,-85.4571715
Samantha Jones,75,5820 Ramirez Spring Apt. 007,Nelsonmouth,Arizona,88473,-175.794913,-82.1210175
